Module,Owner role,Required APIs,Required tables/collections,Required tests,Release gate criteria
Identity and Auth Core,"Backend; Mobile; Security","POST /auth/register; POST /auth/login; POST /auth/refresh; GET /auth/verify; POST /auth/device-bind","users; sessions; devices; auth_audit","unit auth rules; integration login/logout; token expiry tests","99.9% auth success; no critical auth vulnerabilities"
Creator Graph,"Backend; Data","POST /follow; POST /unfollow; POST /block; POST /mute; GET /followers; GET /following","follows; blocks; mutes; creator_profiles","graph integrity tests; fanout tests","follow feed updates under target SLA"
Roles and Entitlements,"Backend; Product","POST /roles/assign; POST /roles/revoke; POST /entitlements/grant; POST /entitlements/revoke; POST /policy/evaluate","roles; permissions; entitlements; entitlement_events","policy tests; privilege escalation tests","zero unauthorized access in red-team suite"
Content Upload Orchestrator,"Backend; Infra","POST /upload/session; POST /upload/complete; POST /processing/callback","content_items; media_assets; processing_jobs","upload retries; partial failure tests; mime validation tests","95%+ processing success first pass"
Media Processing Pipeline,"Infra; Media","POST /media/transcode; POST /media/thumbnail; POST /media/captions/ingest","renditions; thumbnails; captions; media_errors","codec compatibility tests; playback quality tests","mobile and web playback pass for all target profiles"
Rights and Policy Metadata,"Legal-Tech; Backend","POST /rights/assign; GET /rights/{contentId}; POST /rights/takedown","content_rights; geo_policy; age_policy; takedown_requests","policy evaluation tests; legal hold tests","compliant blocking by region and age gate"
Feed Candidate Generation,"Data; Backend","POST /feed/generate-candidates; GET /feed/candidates/{userId}","feed_candidates; candidate_scores; user_interest_vectors","candidate quality tests; latency tests","p95 candidate generation latency within SLA"
Feed Ranking Service,"Data Science; Backend","POST /ranking/score; GET /ranking/top/{userId}","ranking_features; ranking_logs; exploration_state","offline ranking tests; online AB tests","engagement uplift without safety regression"
Feedback Ingestor,"Backend; Analytics","POST /feedback/event; GET /feedback/summary/{userId}","event_stream; user_actions; creator_actions","exactly-once ingestion tests; schema compatibility tests","no event loss above threshold"
Notification Rules Engine,"Backend; Product","POST /notifications/schedule; GET /notifications/status/{userId}","notifications; notification_preferences; delivery_logs","dedupe tests; deliverability tests","push, email and sms delivery health green"
Messaging DM and Channels,"Backend; Mobile","POST /messages/send; GET /threads/{userId}; POST /messages/report","threads; messages; read_receipts; message_flags","scale tests; abuse tests; ordering tests","ordering correctness and abuse controls pass"
Live Event Orchestration,"Backend; Infra; Ops","POST /live/schedule; POST /live/start; POST /live/stop; GET /live/status/{eventId}","live_events; stream_sessions; stream_health","failover chaos tests; reconnect tests","automatic failover under configured threshold"
PPV Checkout and Entitlement,"Backend; Payments","POST /payments/create-checkout-session; POST /payments/webhook; GET /ppv/access/{userId}/{eventId}","orders; order_items; ppv_access; webhook_events","payment happy path; refund path; replay entitlement tests","webhook signature pass and entitlement consistency"
Creator Monetization Core,"Backend; Finance","POST /creator/subscribe; POST /creator/tip; POST /creator/bundle; GET /creator/earnings/{creatorId}","subscriptions; tips; bundles; creator_offers","recurring billing tests; cancellation tests","net revenue reconciliation passes daily"
Ledger and Payouts,"Finance Eng; Backend","POST /ledger/entry; POST /payouts/create; GET /payouts/status/{batchId}","ledger_entries; payout_batches; payout_attempts; disputes","accounting invariants tests; reconciliation tests","ledger balanced and payout mismatch zero critical"
Promotions and Campaign Manager,"Growth Eng; Backend","POST /campaigns; POST /campaigns/{id}/target; POST /campaigns/{id}/serve","campaigns; creatives; audience_segments; delivery_stats","pacing tests; budget cap tests; attribution tests","no overspend and attribution correctness pass"
UTM and Attribution Engine,"Data; Growth","POST /attribution/capture; GET /attribution/conversions/{campaignId}","attribution_events; attribution_sessions; conversion_links","multi-touch attribution tests","conversion mapping accuracy target met"
Moderation Triage Pipeline,"Trust and Safety; Backend","POST /reports; GET /moderation/queue; POST /moderation/actions; POST /appeals","reports; moderation_cases; actions; appeals","moderation workflow tests; SLA tests","case handling SLA and action audit completeness"
Safety ML Services,"ML; Safety","POST /safety/classify-text; POST /safety/classify-media; GET /safety/risk/{contentId}","moderation_scores; model_versions; false_positive_audit","precision and recall tests; drift tests","model threshold gates met and monitored"
Search and Discovery,"Backend; Data","GET /search; GET /search/suggest","search_index; search_logs; trending_terms","relevance tests; latency tests","p95 search latency and relevance KPI pass"
Recommendations for Creators,"Data Science","GET /recommendations/creators/{userId}; GET /recommendations/content/{userId}","rec_candidates; rec_feedback; rec_experiments","offline metric tests; online AB tests","recommendation KPI uplift with no safety drop"
Experimentation Platform,"Data; Backend","POST /experiments; GET /experiments/{id}/assign; POST /experiments/exposure","experiments; assignments; exposures; outcomes","assignment consistency tests","variant assignment deterministic and auditable"
Analytics Warehouse Contracts,"Data Platform","POST /events/schema/register; POST /events/ingest-stream; POST /events/ingest-batch","analytics_events; schema_registry; data_quality_results","schema contract tests; freshness tests","data freshness and quality SLO green"
Admin and Ops Console APIs,"Backend; Ops","GET /admin/incidents; GET /admin/users/{id}; POST /admin/entitlement-repair; POST /admin/campaigns/{id}/pause","admin_audit; incident_events; repair_jobs","role access tests; incident workflow tests","on-call workflows validated in game-day"
Audit and Compliance Layer,"Security; Legal","POST /audit/log; GET /compliance/export; POST /retention/policy","audit_log; retention_policy; compliance_exports","tamper tests; retention tests","audit immutability and retention pass"
Reliability and SRE Guardrails,"SRE; Infra","GET /health; POST /circuit-breaker/config; POST /retry/policy","service_health; error_budget; incident_postmortems","load tests; chaos tests; failover tests","error budget within policy and rollback readiness"
