"Path","Size","Sig","SHA256","Issues","Status"
"assets\dfc_hero_bg.png","1235699","89 50 4E 47 0D 0A 1A 0A 00 00 00 0D 49 48 44 52","7679E7A12C06BEDB2272097466980446F54C355AF2F2316E6A2132E40EB0325A","","CLEAN"
"assets\legends_group_photo.jpg","58","5B 42 69 6E 61 72 79 20 69 6D 61 67 65 20 63 6F","2992DD85D312DD13E830B94BEE9B800DEE7EB4A1636801F8CF69E698809E8BCB","","PLACEHOLDER"
"assets\nav_card_blueprint.svg","2431","3C 73 76 67 20 77 69 64 74 68 3D 22 31 32 30 30","CEB8CE9CCA1030D498221179271DBE60F4B45EB5CFF30225E05D92EE4B3CC3C7","","CLEAN"
"assets\campaigns\coffee_campaign_hero.svg","3678","3C 73 76 67 20 78 6D 6C 6E 73 3D 22 68 74 74 70","6445D9BCDB4B6B0C5BA250534BC691C8644B54F64C57766939F337773931ADDD","","CLEAN"
"assets\campaigns\dfc_breast_cancer_badge.svg","711","3C 73 76 67 20 78 6D 6C 6E 73 3D 22 68 74 74 70","81795864E2C559FCD4F865B078CD1F2A69C30590E631D1D927728837AD52CD86","","CLEAN"
"assets\campaigns\dfc_coffee_not_coffin.svg","803","3C 73 76 67 20 78 6D 6C 6E 73 3D 22 68 74 74 70","CCEE99514C1EA680EF9A77CC9A28504423E202986A9E47FD391EFB3C4EA88051","","CLEAN"
"assets\campaigns\dfc_gold_coin_charity.svg","588","3C 73 76 67 20 78 6D 6C 6E 73 3D 22 68 74 74 70","B387CBC5017D1EB26D95CF586ADAAC785019F408C5DB7069759A2C275EDCEACB","","CLEAN"
"assets\campaigns\dfc_mens_mental_health.svg","924","3C 73 76 67 20 78 6D 6C 6E 73 3D 22 68 74 74 70","A85A48D7CBFD5E13E28FFB69BF70AF60AF82DDAC6C8673592EED23C11B7201A3","","CLEAN"
"assets\campaigns\dfc_womens_health_shield.svg","889","3C 73 76 67 20 78 6D 6C 6E 73 3D 22 68 74 74 70","E338297E076A617FDD74AC18ABFD60F10F7604120B5115C6E832B1412C44054F","","CLEAN"
"assets\campaigns\gold_coin_hero.svg","4169","3C 73 76 67 20 78 6D 6C 6E 73 3D 22 68 74 74 70","790291250F5ED827BB3407CC0AFB4A893F108C823955F6E1CA448560742DD039","","CLEAN"
"assets\campaigns\pink_shield_hero.svg","3549","3C 73 76 67 20 78 6D 6C 6E 73 3D 22 68 74 74 70","24F47313887FA8E5196B66391019244158440FA2DA5D56CB8A7B8BFEC20B60E8","","CLEAN"
"assets\cluster_icons\cluster_1.png","1091","89 50 4E 47 0D 0A 1A 0A 00 00 00 0D 49 48 44 52","D4C6ADD680BD671D5F10D2545D69BD28CCB82B931D484D4DBD99019683C58873","","CLEAN"
"assets\cluster_icons\cluster_10.png","1107","89 50 4E 47 0D 0A 1A 0A 00 00 00 0D 49 48 44 52","3C5DE5F81F2141F22E79FB4B2C8BDBF8A7744CC5D625009184A5DACDFCED3D99","","CLEAN"
"assets\cluster_icons\cluster_100.png","1115","89 50 4E 47 0D 0A 1A 0A 00 00 00 0D 49 48 44 52","6AAB09E742F20B783DC7846B9E138B05D8747914F89903F185BF16F18B98C66B","","CLEAN"
"assets\cluster_icons\cluster_11.png","1102","89 50 4E 47 0D 0A 1A 0A 00 00 00 0D 49 48 44 52","DA4BB22B8464D0DA5C6F93E4338967113CC667B33AD502AA7AE7A70BA968AADB","","CLEAN"
"assets\cluster_icons\cluster_12.png","1121","89 50 4E 47 0D 0A 1A 0A 00 00 00 0D 49 48 44 52","D3E4482C2A8BAFBD9173961EBB9A22528EDCCBF82EDD1E2FF993D78A88A0B79C","","CLEAN"
"assets\cluster_icons\cluster_13.png","1125","89 50 4E 47 0D 0A 1A 0A 00 00 00 0D 49 48 44 52","0F37436A3ACAC8E07EABA5A628F7E9D77C74C06C24AC80971D6EA6920A277CF9","","CLEAN"
"assets\cluster_icons\cluster_14.png","1118","89 50 4E 47 0D 0A 1A 0A 00 00 00 0D 49 48 44 52","03E12D130DC04B6C173D6A15D3A05AA1C90048B54DE25B7A3E3008B33280828C","","CLEAN"
"assets\cluster_icons\cluster_15.png","1120","89 50 4E 47 0D 0A 1A 0A 00 00 00 0D 49 48 44 52","9DBFB4512FBC788B5CC323CB2302AC07918147BB6EAF99E84E87492171193A89","","CLEAN"
"assets\cluster_icons\cluster_16.png","1116","89 50 4E 47 0D 0A 1A 0A 00 00 00 0D 49 48 44 52","58A5B3EDE958AC54F8A63E4F695D5CD0813478CF54B1C1BFF5E5B2B8E8937672","","CLEAN"
"assets\cluster_icons\cluster_17.png","1108","89 50 4E 47 0D 0A 1A 0A 00 00 00 0D 49 48 44 52","05ACAB3C4F4FE6C45293BA96C58D595B440274764CA908B4A2D097612BE270B4","","CLEAN"
"assets\cluster_icons\cluster_18.png","1114","89 50 4E 47 0D 0A 1A 0A 00 00 00 0D 49 48 44 52","555A285F435B52C71E2301721AB60632CE60DC8F59FEF922123FF50D1EA1C023","","CLEAN"
"assets\cluster_icons\cluster_19.png","1117","89 50 4E 47 0D 0A 1A 0A 00 00 00 0D 49 48 44 52","453F26D39B813A42A80A85F488E4C6BB7FA851DBEA33613D14307B82E0DA2A2C","","CLEAN"
"assets\cluster_icons\cluster_2.png","1106","89 50 4E 47 0D 0A 1A 0A 00 00 00 0D 49 48 44 52","13095941A86FB0B2F22A962D1021B1EB19CF5E05754F15053DB6E16603C094B7","","CLEAN"
"assets\cluster_icons\cluster_20.png","1120","89 50 4E 47 0D 0A 1A 0A 00 00 00 0D 49 48 44 52","6DBC046DF968EDFDD1FB4A8AB6C4A5DA2E46C8CAEC83A60C6BC57EF6D29835C5","","CLEAN"
"assets\cluster_icons\cluster_21.png","1123","89 50 4E 47 0D 0A 1A 0A 00 00 00 0D 49 48 44 52","D0D41E3BCC21FF34579F935CFFE0BAAE70B95E3E3A228707F43C49E6D96DDE4D","","CLEAN"
"assets\cluster_icons\cluster_22.png","1126","89 50 4E 47 0D 0A 1A 0A 00 00 00 0D 49 48 44 52","39213A46A3E40BD9CC82B78AA575954331BC6D7A63D1E14F79CB79FFDAFD9816","","CLEAN"
"assets\cluster_icons\cluster_23.png","1136","89 50 4E 47 0D 0A 1A 0A 00 00 00 0D 49 48 44 52","1C704C324D54CDCC1A08E69E276AAFD4A2A6E5DB3978563AA7F52E236577F1CD","","CLEAN"
"assets\cluster_icons\cluster_24.png","1133","89 50 4E 47 0D 0A 1A 0A 00 00 00 0D 49 48 44 52","FE350406E3169A64A1AE182112B58D871DB3C2E51534E0512AC8613EC9F1187D","","CLEAN"
"assets\cluster_icons\cluster_25.png","1134","89 50 4E 47 0D 0A 1A 0A 00 00 00 0D 49 48 44 52","2EB5F9A3B1954A460D9D197F35021C9D9F2E27B509F15F99FE8C0DC698FA7BE4","","CLEAN"
"assets\cluster_icons\cluster_26.png","1130","89 50 4E 47 0D 0A 1A 0A 00 00 00 0D 49 48 44 52","D4539011611259EE8830C3E1F70C5A1EB68B20B8D1C69A7BBC9B0E498B7FBDD6","","CLEAN"
"assets\cluster_icons\cluster_27.png","1123","89 50 4E 47 0D 0A 1A 0A 00 00 00 0D 49 48 44 52","1789FD9511DF084CF51EDBD69171F314848E33AF45633B3846655113738E2F43","","CLEAN"
"assets\cluster_icons\cluster_28.png","1126","89 50 4E 47 0D 0A 1A 0A 00 00 00 0D 49 48 44 52","53D14B8AE971301F8C01BDF8C5C0C1B77E2FE36B572ED47E26723561A91FE61E","","CLEAN"
"assets\cluster_icons\cluster_29.png","1130","89 50 4E 47 0D 0A 1A 0A 00 00 00 0D 49 48 44 52","2E53CB2A6BE71E389AA8109193578CE88E2D12F799F8AB28D5BC66A0993A7CDA","","CLEAN"
"assets\cluster_icons\cluster_3.png","1109","89 50 4E 47 0D 0A 1A 0A 00 00 00 0D 49 48 44 52","2C43D8E4A0C5C3A9D32053935A3D8CE2B460694845DE6987A14FA6B023A00370","","CLEAN"
"assets\cluster_icons\cluster_30.png","1119","89 50 4E 47 0D 0A 1A 0A 00 00 00 0D 49 48 44 52","84E38B60665E4B34C11DD4EDCDD4147836BA96FEFB97476B196275F2CC7176DE","","CLEAN"
"assets\cluster_icons\cluster_31.png","1126","89 50 4E 47 0D 0A 1A 0A 00 00 00 0D 49 48 44 52","91020E96804459CAF5AC6CD09C21ADA1F5129EA6D4839FB42A32161490F5CF38","","CLEAN"
"assets\cluster_icons\cluster_32.png","1137","89 50 4E 47 0D 0A 1A 0A 00 00 00 0D 49 48 44 52","242231F158B9BD54254E61FF371774E1B68545101BEEC57AF9B63729C78428AF","","CLEAN"
"assets\cluster_icons\cluster_33.png","1130","89 50 4E 47 0D 0A 1A 0A 00 00 00 0D 49 48 44 52","7F87FA55DFF4E298DC91ECFB4C6D9C66FFF3129F1D9AA3FF8BF828AB23D993A8","","CLEAN"
"assets\cluster_icons\cluster_34.png","1134","89 50 4E 47 0D 0A 1A 0A 00 00 00 0D 49 48 44 52","6A7336EC059D273A146877966F236EC6FF1A9621EAC269F3B24C732DB7D66AFE","","CLEAN"
"assets\cluster_icons\cluster_35.png","1132","89 50 4E 47 0D 0A 1A 0A 00 00 00 0D 49 48 44 52","0EB812EFDC95EC1ED681E9939E79371DE0AFBA045CBF39D98377CA539C876C0A","","CLEAN"
"assets\cluster_icons\cluster_36.png","1128","89 50 4E 47 0D 0A 1A 0A 00 00 00 0D 49 48 44 52","62601A7BDE8AB45EEF1C5DE6DB055C361D52497B6B4E04AB0B176C746F4A6B1D","","CLEAN"
"assets\cluster_icons\cluster_37.png","1127","89 50 4E 47 0D 0A 1A 0A 00 00 00 0D 49 48 44 52","2809D891F9DD8ED9FBF5BB57011BAED131BE352833F87F7A15423D697417F0E8","","CLEAN"
"assets\cluster_icons\cluster_38.png","1123","89 50 4E 47 0D 0A 1A 0A 00 00 00 0D 49 48 44 52","1519B9AD93AE102972AC7012BC556C92C9BC0C3718003F9AD64AB80FE55227E4","","CLEAN"
"assets\cluster_icons\cluster_39.png","1131","89 50 4E 47 0D 0A 1A 0A 00 00 00 0D 49 48 44 52","20D1F5BC18F09E449A5E5F00158CBBFB656FCF4D3FBAE9C6F9889C61F4B4AD44","","CLEAN"
"assets\cluster_icons\cluster_4.png","1102","89 50 4E 47 0D 0A 1A 0A 00 00 00 0D 49 48 44 52","C6B55054FAC18EE41958821BE1B5D804EAB121D3845C629EF8BD06E789D09095","","CLEAN"
"assets\cluster_icons\cluster_40.png","1115","89 50 4E 47 0D 0A 1A 0A 00 00 00 0D 49 48 44 52","62FFE5DEEE1636CBF7E5239390D2921C48848407D51AF83C02AA8C723808116D","","CLEAN"
"assets\cluster_icons\cluster_41.png","1116","89 50 4E 47 0D 0A 1A 0A 00 00 00 0D 49 48 44 52","F1A3A759F41BA3F06C9C907083E32BB7229C2335E103F588DD7FB450D5B01033","","CLEAN"
"assets\cluster_icons\cluster_42.png","1132","89 50 4E 47 0D 0A 1A 0A 00 00 00 0D 49 48 44 52","FA999B1FB72A6A00C8B831EF28EE81CD44C1F33DFF056CA63724C5394CA06690","","CLEAN"
"assets\cluster_icons\cluster_43.png","1134","89 50 4E 47 0D 0A 1A 0A 00 00 00 0D 49 48 44 52","32166C02C97C902FC98AE1BFC5379F067C4DC68C8EA972BEF12747ED9859D2B2","","CLEAN"
"assets\cluster_icons\cluster_44.png","1120","89 50 4E 47 0D 0A 1A 0A 00 00 00 0D 49 48 44 52","EFA93C6228647BDCACF203D7A91DEDFBA2393F90663917803DF7F88F9C45275B","","CLEAN"
"assets\cluster_icons\cluster_45.png","1133","89 50 4E 47 0D 0A 1A 0A 00 00 00 0D 49 48 44 52","6AEB5B59F695E3635509336CD35886E09B3A97F3E13B0843D199A3735A562579","","CLEAN"
"assets\cluster_icons\cluster_46.png","1127","89 50 4E 47 0D 0A 1A 0A 00 00 00 0D 49 48 44 52","5A2F678676EFD799D0D2A8ED1CD5BE759F1F8A74D07F4C54B7DE73A34CCFE87B","","CLEAN"
"assets\cluster_icons\cluster_47.png","1122","89 50 4E 47 0D 0A 1A 0A 00 00 00 0D 49 48 44 52","55BC8576D893F560A7D9DE37F7567E1B98CE97EAE44CBA345B42578A677D3431","","CLEAN"
"assets\cluster_icons\cluster_48.png","1121","89 50 4E 47 0D 0A 1A 0A 00 00 00 0D 49 48 44 52","91837C2EFE3A665862B7AF81E29EAD81577EF47DF5EB9A29ABBE5EDBBE3FA304","","CLEAN"
"assets\cluster_icons\cluster_49.png","1125","89 50 4E 47 0D 0A 1A 0A 00 00 00 0D 49 48 44 52","8C3E819A411FF454486487F6E3EF309CEF3B28E55751F358E0BD59800C9FCDB3","","CLEAN"
"assets\cluster_icons\cluster_5.png","1103","89 50 4E 47 0D 0A 1A 0A 00 00 00 0D 49 48 44 52","1AA91FD136B1D996BC028FE5F58B2C5CF7B4E0B478530D67A16B31BB1917FC60","","CLEAN"
"assets\cluster_icons\cluster_50.png","1119","89 50 4E 47 0D 0A 1A 0A 00 00 00 0D 49 48 44 52","7BC5411DC9E499A914356C8ED8BE758510A5D247711B3FF2224AC8654E1CE89E","","CLEAN"
"assets\cluster_icons\cluster_51.png","1118","89 50 4E 47 0D 0A 1A 0A 00 00 00 0D 49 48 44 52","1801CA699AB12F25D690D364E554CFD4E1DD14EE80579FA2FE2F2A14A27DE8F8","","CLEAN"
"assets\cluster_icons\cluster_52.png","1134","89 50 4E 47 0D 0A 1A 0A 00 00 00 0D 49 48 44 52","8FA2CB655116D98A212183785C8BC41DCE64B81981050E246ED461553BE8288B","","CLEAN"
"assets\cluster_icons\cluster_53.png","1136","89 50 4E 47 0D 0A 1A 0A 00 00 00 0D 49 48 44 52","E538B6AC4E0383E8C2B6FC31C1FC82C67AEAEB9730C09F3032DF78DEEF62271D","","CLEAN"
"assets\cluster_icons\cluster_54.png","1131","89 50 4E 47 0D 0A 1A 0A 00 00 00 0D 49 48 44 52","EB90CFBB35BB3BCFE381E7465DE9C59F2FF6CB98D59DF071DF036038527E1B1A","","CLEAN"
"assets\cluster_icons\cluster_55.png","1124","89 50 4E 47 0D 0A 1A 0A 00 00 00 0D 49 48 44 52","6741EF5EB576447ED7C634D3667308A9F6A2BEBE606C76FAEA6CDAF0EE427B69","","CLEAN"
"assets\cluster_icons\cluster_56.png","1126","89 50 4E 47 0D 0A 1A 0A 00 00 00 0D 49 48 44 52","8DCC36A74E7CC063FD697FCDAD2B11372336AE233D7D6D8976EAEDB1642F28D6","","CLEAN"
"assets\cluster_icons\cluster_57.png","1124","89 50 4E 47 0D 0A 1A 0A 00 00 00 0D 49 48 44 52","7E332AD963006285A4982BB6D7BECC5726F70E28EC71C469C2F731A1C6EBCF08","","CLEAN"
"assets\cluster_icons\cluster_58.png","1125","89 50 4E 47 0D 0A 1A 0A 00 00 00 0D 49 48 44 52","3601ACC6ABE6280836D522A61612D176BA9661144B624A62403C553093FC0123","","CLEAN"
"assets\cluster_icons\cluster_59.png","1129","89 50 4E 47 0D 0A 1A 0A 00 00 00 0D 49 48 44 52","B1BA6DDB566D7B7F809C02C2761F86051D5EF46EB206BACB56F066B6AE0036E7","","CLEAN"
"assets\cluster_icons\cluster_6.png","1098","89 50 4E 47 0D 0A 1A 0A 00 00 00 0D 49 48 44 52","B606BA66E66032A3B9F6923DBA2FBFE83B47AB4D4F58D367C71555CE08BBD644","","CLEAN"
"assets\cluster_icons\cluster_60.png","1110","89 50 4E 47 0D 0A 1A 0A 00 00 00 0D 49 48 44 52","69F2A852B2B7DEED7897A7239FB912FC413BE2E52A39CBB2DB0C70DD9D451B4A","","CLEAN"
"assets\cluster_icons\cluster_61.png","1116","89 50 4E 47 0D 0A 1A 0A 00 00 00 0D 49 48 44 52","A1B07AC5483A46A579E7624E9E95CF1F75DEEEBDEA8D0289AFA87F62120F2F6B","","CLEAN"
"assets\cluster_icons\cluster_62.png","1129","89 50 4E 47 0D 0A 1A 0A 00 00 00 0D 49 48 44 52","F61DE0F85D65918061496B55D59311804FB28C68E5D56F189BBAB8C1D968410E","","CLEAN"
"assets\cluster_icons\cluster_63.png","1127","89 50 4E 47 0D 0A 1A 0A 00 00 00 0D 49 48 44 52","A2D1E6EAFD88F9817F4AFE380F2B433D30CA09EAE94D4A87CED54F66F6FDD72F","","CLEAN"
"assets\cluster_icons\cluster_64.png","1124","89 50 4E 47 0D 0A 1A 0A 00 00 00 0D 49 48 44 52","B5658771BEB3EA54AA1A8E384AD2E8726F5212D1AD87FA32FB92EA91D04995B9","","CLEAN"
"assets\cluster_icons\cluster_65.png","1125","89 50 4E 47 0D 0A 1A 0A 00 00 00 0D 49 48 44 52","EA38E495744D22A0E361D15C922C27D022806188754A80DD7067A96754B555AC","","CLEAN"
"assets\cluster_icons\cluster_66.png","1115","89 50 4E 47 0D 0A 1A 0A 00 00 00 0D 49 48 44 52","E9D011DE6D349BFF6C25CF14E3E0DA50259C224D7364D819995D526A54660F1A","","CLEAN"
"assets\cluster_icons\cluster_67.png","1122","89 50 4E 47 0D 0A 1A 0A 00 00 00 0D 49 48 44 52","C0BFA6412D82DE19B0A4710CE0620AB76E6E4CD8A7490F07ED6A308F78F8E68B","","CLEAN"
"assets\cluster_icons\cluster_68.png","1111","89 50 4E 47 0D 0A 1A 0A 00 00 00 0D 49 48 44 52","5FA932DA668E5C7A6DBC063A4B82624B55F0498E0A2A2A0A252CF5AF4DB999E1","","CLEAN"
"assets\cluster_icons\cluster_69.png","1121","89 50 4E 47 0D 0A 1A 0A 00 00 00 0D 49 48 44 52","4784966EFFCB373B2D48FEA1A0AEDD93D8E097D209E8A3DD9B4FD3FB30F3694F","","CLEAN"
"assets\cluster_icons\cluster_7.png","1093","89 50 4E 47 0D 0A 1A 0A 00 00 00 0D 49 48 44 52","B32DE5214155566DBC34A236D5E13F60073E545A44300F2196CC67BA80CAD5FF","","CLEAN"
"assets\cluster_icons\cluster_70.png","1110","89 50 4E 47 0D 0A 1A 0A 00 00 00 0D 49 48 44 52","7455D83F7DDD59C6C883EA53C0E7AF3C8593110BE41D20B3D9A4BCD42E2EC34A","","CLEAN"
"assets\cluster_icons\cluster_71.png","1107","89 50 4E 47 0D 0A 1A 0A 00 00 00 0D 49 48 44 52","194F09763CF3AD9B2413FD5C6434A244AE35F3DCB8C45FBA23EC05C4F3963BEA","","CLEAN"
"assets\cluster_icons\cluster_72.png","1123","89 50 4E 47 0D 0A 1A 0A 00 00 00 0D 49 48 44 52","F8193F7746F3A4DBAF9B5E218A422921E213761D050FBF55D9F74C7E7C8570A6","","CLEAN"
"assets\cluster_icons\cluster_73.png","1130","89 50 4E 47 0D 0A 1A 0A 00 00 00 0D 49 48 44 52","ABE2718ADE74B489F075D20A736F08BBF116148036973955D3B4822314B72238","","CLEAN"
"assets\cluster_icons\cluster_74.png","1117","89 50 4E 47 0D 0A 1A 0A 00 00 00 0D 49 48 44 52","B900C406FB0299E8A7C645D30F29722E112D4B5B15154272B7F256C8A4E8CB29","","CLEAN"
"assets\cluster_icons\cluster_75.png","1119","89 50 4E 47 0D 0A 1A 0A 00 00 00 0D 49 48 44 52","953AC4E2C8BC720993C4304CB9AFAEF0E2E6642D49CA1E388D76232DBA793316","","CLEAN"
"assets\cluster_icons\cluster_76.png","1121","89 50 4E 47 0D 0A 1A 0A 00 00 00 0D 49 48 44 52","4CD8910AE47F0F70C344FA582CAA0BDBAA951A2DF0F54E8AF1E2F7914A33AF94","","CLEAN"
"assets\cluster_icons\cluster_77.png","1104","89 50 4E 47 0D 0A 1A 0A 00 00 00 0D 49 48 44 52","FA0AD65F257B4C0964D77CCFB1A0562AE619CB92B4E75ACF40A1353115197164","","CLEAN"
"assets\cluster_icons\cluster_78.png","1115","89 50 4E 47 0D 0A 1A 0A 00 00 00 0D 49 48 44 52","429396E737D4995FC2ED024194B9DBA3965D344AA781117D8ED9424DF0469AB4","","CLEAN"
"assets\cluster_icons\cluster_79.png","1120","89 50 4E 47 0D 0A 1A 0A 00 00 00 0D 49 48 44 52","CF6A912CCCC0B6637F16B75B5C993E4972C7DE98C53DD1AF2DC5E7381EB00FD8","","CLEAN"
"assets\cluster_icons\cluster_8.png","1096","89 50 4E 47 0D 0A 1A 0A 00 00 00 0D 49 48 44 52","F3ECBD2A2DB0D9C64E174A2701A4FFFD5F42D7768019BD6941CE1C05BBF78A25","","CLEAN"
"assets\cluster_icons\cluster_80.png","1107","89 50 4E 47 0D 0A 1A 0A 00 00 00 0D 49 48 44 52","76065D4FAD92BC93DC0448B32F85C9C1C8861D29DEF9B91669E5714C193B8A32","","CLEAN"
"assets\cluster_icons\cluster_81.png","1115","89 50 4E 47 0D 0A 1A 0A 00 00 00 0D 49 48 44 52","FBA789D85B0E20F679DEDECE677A4E3A2941C1935DE0E97FC35DC7356FDB1C7C","","CLEAN"
"assets\cluster_icons\cluster_82.png","1127","89 50 4E 47 0D 0A 1A 0A 00 00 00 0D 49 48 44 52","E0288CFF4140EBB34E48E7EF0D46C5C2A2AF188A6A0BD37467BD57D1DDAA5272","","CLEAN"
"assets\cluster_icons\cluster_83.png","1128","89 50 4E 47 0D 0A 1A 0A 00 00 00 0D 49 48 44 52","87097BBBA3D4207FB45670B41A02966680992450B59085FDAB4D3C1E353E3078","","CLEAN"
"assets\cluster_icons\cluster_84.png","1122","89 50 4E 47 0D 0A 1A 0A 00 00 00 0D 49 48 44 52","64487640A2EABD00A05642C0FCDC17AAAD33EE7550F49E1DC42E5AF844C8884D","","CLEAN"
"assets\cluster_icons\cluster_85.png","1122","89 50 4E 47 0D 0A 1A 0A 00 00 00 0D 49 48 44 52","8F6242C401D212F9AA1B6CA08A236DF811A73C2EB80B0A1F4F71701892D23D3A","","CLEAN"
"assets\cluster_icons\cluster_86.png","1119","89 50 4E 47 0D 0A 1A 0A 00 00 00 0D 49 48 44 52","53EB6BED83FAD6D3E44B9CAB111E6BA977BC8822B7DA78F4D42BAB590286197F","","CLEAN"
"assets\cluster_icons\cluster_87.png","1119","89 50 4E 47 0D 0A 1A 0A 00 00 00 0D 49 48 44 52","B0A305CC5CF2A2B6AAC12A5296115E573DB7F9C5FA0BD85239F18CF9BAEFDE91","","CLEAN"
"assets\cluster_icons\cluster_88.png","1106","89 50 4E 47 0D 0A 1A 0A 00 00 00 0D 49 48 44 52","CD6BB238DEE9748D407EDBDE8011C6FFA47A260C6DE29CAB1BD607A3DD6E0F40","","CLEAN"
"assets\cluster_icons\cluster_89.png","1117","89 50 4E 47 0D 0A 1A 0A 00 00 00 0D 49 48 44 52","E51C2E37EE2802BE3BD141DAEA1C427137189F3EAF25EBAE7A8E144D1BE9D74E","","CLEAN"
"assets\cluster_icons\cluster_9.png","1106","89 50 4E 47 0D 0A 1A 0A 00 00 00 0D 49 48 44 52","A0691FDFD0645C6A37896549D9D3CD074CED217FE06C24D6C70191867328D422","","CLEAN"
"assets\cluster_icons\cluster_90.png","1113","89 50 4E 47 0D 0A 1A 0A 00 00 00 0D 49 48 44 52","7BF1F5E21E4916D4EE4E07B18DA72CAD201DA7B64A3CD1ADCB8CFDCC27D6DE92","","CLEAN"
"assets\cluster_icons\cluster_91.png","1118","89 50 4E 47 0D 0A 1A 0A 00 00 00 0D 49 48 44 52","F10B1C45B104B52C6550CD9430431E1C4D17A17EA2FDE84934DA1BF48B64A0E0","","CLEAN"
"assets\cluster_icons\cluster_92.png","1130","89 50 4E 47 0D 0A 1A 0A 00 00 00 0D 49 48 44 52","EEBBCD24941228934D48EFBF51FB266FA461807B858D25BD29868A0ABC20C7E3","","CLEAN"
"assets\cluster_icons\cluster_93.png","1130","89 50 4E 47 0D 0A 1A 0A 00 00 00 0D 49 48 44 52","4FBA85A8D8F0ABB03B0DFAE78C1B0D9770DA8B8FA0E53C93830B911B77AF06D1","","CLEAN"
"assets\cluster_icons\cluster_94.png","1126","89 50 4E 47 0D 0A 1A 0A 00 00 00 0D 49 48 44 52","BC54F8F09A43CB0E0A985FAA0EB4D68332017ACC3D8486FCFDA291AD0F45AE68","","CLEAN"
"assets\cluster_icons\cluster_95.png","1128","89 50 4E 47 0D 0A 1A 0A 00 00 00 0D 49 48 44 52","C46B2C23583FEA7AEE7C6F225951FC0BB0E8D781C1281C0612C042BBDDA55F1B","","CLEAN"
"assets\cluster_icons\cluster_96.png","1124","89 50 4E 47 0D 0A 1A 0A 00 00 00 0D 49 48 44 52","C6CBED1253A77D0E9262693817D563F99FE5DADA6C2D88198B5B169DD78A6A55","","CLEAN"
"assets\cluster_icons\cluster_97.png","1123","89 50 4E 47 0D 0A 1A 0A 00 00 00 0D 49 48 44 52","E0171B95F2D49849AF2085BBE307A02FC3A501042EEEC68B07D45628F431568D","","CLEAN"
"assets\cluster_icons\cluster_98.png","1119","89 50 4E 47 0D 0A 1A 0A 00 00 00 0D 49 48 44 52","92D2D4E6800D2BBF45A6871401DA6EEEEB65110FAF1BEA61FB51BC52400DCE01","","CLEAN"
"assets\cluster_icons\cluster_99.png","1121","89 50 4E 47 0D 0A 1A 0A 00 00 00 0D 49 48 44 52","EE64BE17AEDDDE56C52F43EB85788F00DB2A4546BEEA93E0555970BB3A6790B5","","CLEAN"
"assets\dfc_backgrounds\datafight_central_with_logo.png","39763","89 50 4E 47 0D 0A 1A 0A 00 00 00 0D 49 48 44 52","2E69D714B8DEB8768B7650A57F812377153770468702BA9CF76894FEE8B12C46","","CLEAN"
"assets\dfc_backgrounds\datafightlogo.png","1021619","89 50 4E 47 0D 0A 1A 0A 00 00 00 0D 49 48 44 52","575F902C6A61C0A872573B9FE39E993CE77444A3C78B8EA2E5E3294797999501","","CLEAN"
"assets\dfc_backgrounds\dfc_and_back_ground.png","2290116","89 50 4E 47 0D 0A 1A 0A 00 00 00 0D 49 48 44 52","7B44AD98A687584101EF27663F30F990080DFB80C93F7C19837E26998E852BA8","","CLEAN"
"assets\dfc_backgrounds\dfc_logo_resized.png","247064","89 50 4E 47 0D 0A 1A 0A 00 00 00 0D 49 48 44 52","0B54AA76A3D51D5303B82AE995B80940DE3C94D2ED6AA302E5DAA0645A780653","","CLEAN"
"assets\dfc_backgrounds\dfc2_image_.png","235512","89 50 4E 47 0D 0A 1A 0A 00 00 00 0D 49 48 44 52","47020A02B4F7531D52692097E18598A19540C483A0EE9AFAD0960B63C87F414A","","CLEAN"
"assets\dfc_backgrounds\dfc2_image.png","235512","89 50 4E 47 0D 0A 1A 0A 00 00 00 0D 49 48 44 52","47020A02B4F7531D52692097E18598A19540C483A0EE9AFAD0960B63C87F414A","","CLEAN"
"assets\dfc_backgrounds\last_logo_square_.png","46444","89 50 4E 47 0D 0A 1A 0A 00 00 00 0D 49 48 44 52","5C51B2D88CFDB31B95B6CCA4AA5BFBAD4207BF0E560061207C348333BBEDF293","","CLEAN"
"assets\dfc_backgrounds\last_logo_square.png","46444","89 50 4E 47 0D 0A 1A 0A 00 00 00 0D 49 48 44 52","5C51B2D88CFDB31B95B6CCA4AA5BFBAD4207BF0E560061207C348333BBEDF293","","CLEAN"
"assets\dfc_backgrounds\new_dfc_image_1.png","391542","89 50 4E 47 0D 0A 1A 0A 00 00 00 0D 49 48 44 52","84954D2925E285266899F240450FA55999064DC95E8A92922D43396F540E719A","","CLEAN"
"assets\dfc_backgrounds\Screenshot 2026-02-18 152609.png","576947","89 50 4E 47 0D 0A 1A 0A 00 00 00 0D 49 48 44 52","EB09A2294DE0A141BC73DD6D6C29DD9590937B94718F2956FB6F3C52687D4D06","","CLEAN"
"assets\icons\aboriginal_flag.png","104111","89 50 4E 47 0D 0A 1A 0A 00 00 00 0D 49 48 44 52","264DA38ED9DD4B95AA706BE286713389E2FD8A992549E6D0E79687B8FF44AD38","","CLEAN"
"assets\icons\dfc_logo.png","78","50 4C 41 43 45 48 4F 4C 44 45 52 3A 20 41 64 64","58663DE0F4A35FD2B9E23D544F993F564B2F6E13563B478427848EC870BDFEC5","","PLACEHOLDER"
"assets\icons\pink_shield.png","81","50 4C 41 43 45 48 4F 4C 44 45 52 3A 20 41 64 64","EF7AB65EAFADE8A1D2282A93A06667D20B37A47F0BFBD8860329901CB8E5CE7F","","PLACEHOLDER"
"assets\logos\datafight central with logo.png","39763","89 50 4E 47 0D 0A 1A 0A 00 00 00 0D 49 48 44 52","2E69D714B8DEB8768B7650A57F812377153770468702BA9CF76894FEE8B12C46","","CLEAN"
"assets\logos\DFC logo with cyan glow effect.png","2157064","89 50 4E 47 0D 0A 1A 0A 00 00 00 0D 49 48 44 52","CDFE4C9D441D310FFF2305249761EDAE68809C50A6761286CE5BF53C7C013230","","CLEAN"
"assets\logos\dfc_app_icon.png","42758","89 50 4E 47 0D 0A 1A 0A 00 00 00 0D 49 48 44 52","8CBD2730C1DA378F106A20A478E961697633A85FC9B37653411B9166F3C9C89C","","CLEAN"
"assets\logos\dfc_hex_badge_final.png","103641","89 50 4E 47 0D 0A 1A 0A 00 00 00 0D 49 48 44 52","0DA64A66308B888EAC1D0484148F509ED6CC2AF11A1BC62509C6991FB8038FCB","","CLEAN"
"assets\logos\dfc_hex_badge_transparent.png","2699058","89 50 4E 47 0D 0A 1A 0A 00 00 00 0D 49 48 44 52","3CDB931E6463EBFC650A524D4CF6AAC9E01028448764C88837E5FF80189B3B37","","CLEAN"
"assets\logos\dfc_hex_badge.png","40609","89 50 4E 47 0D 0A 1A 0A 00 00 00 0D 49 48 44 52","5A0CBFCD66683F240B011D675B0D736A80DD6FF94AD63E7EC518E2B560B086DD","","CLEAN"
"assets\logos\dfc_icon_transparent.png","57248","89 50 4E 47 0D 0A 1A 0A 00 00 00 0D 49 48 44 52","881037099D352996014048F5C50D5CB63E1C175DE6D2A572E024836246DCDAD4","","CLEAN"
"assets\logos\dfc_wordmark_transparent.png","46598","89 50 4E 47 0D 0A 1A 0A 00 00 00 0D 49 48 44 52","1948F1E8990A4311358862270329AAA9C77552DA28B4E92CE4A85FA10253E023","","CLEAN"
"assets\logos\dfc_wordmark.png","35181","89 50 4E 47 0D 0A 1A 0A 00 00 00 0D 49 48 44 52","A9DD5F0E6295CCFDE2385DBE57375769AE02A76B2F5A4690D14294C98E68042B","","CLEAN"
"assets\logos\last logo square .png","46444","89 50 4E 47 0D 0A 1A 0A 00 00 00 0D 49 48 44 52","5C51B2D88CFDB31B95B6CCA4AA5BFBAD4207BF0E560061207C348333BBEDF293","","CLEAN"
"assets\logos\logo_resized.png","111258","89 50 4E 47 0D 0A 1A 0A 00 00 00 0D 49 48 44 52","6F8AAB85F5F113D02875567A6B8CC8E94B028004EB976505BDEB6CF8E828B4AC","","CLEAN"
"assets\logos\dfc with databg\dfc and back ground.png","2290116","89 50 4E 47 0D 0A 1A 0A 00 00 00 0D 49 48 44 52","7B44AD98A687584101EF27663F30F990080DFB80C93F7C19837E26998E852BA8","","CLEAN"
"assets\poster_templates\blueprint_pack\dfc_class_ppv_blueprint_slide.svg","3123","3C 73 76 67 20 78 6D 6C 6E 73 3D 22 68 74 74 70","FC850760C63BAA04E91CCC090393E739E181B123C86EB61A7EE5D41705E0E436","","CLEAN"
"assets\poster_templates\blueprint_pack\dfc_one_page_architecture.svg","6400","3C 73 76 67 20 78 6D 6C 6E 73 3D 22 68 74 74 70","5BE081C87E82441E8101B3ED55C25796592034A0C1543E664271EA96C57C6860","","CLEAN"
"assets\poster_templates\blueprint_pack\nav_card_blueprint.svg","2431","3C 73 76 67 20 77 69 64 74 68 3D 22 31 32 30 30","CEB8CE9CCA1030D498221179271DBE60F4B45EB5CFF30225E05D92EE4B3CC3C7","","CLEAN"
"assets\ppv\ppv-adelaide-cs12_banner.jpg","15964","FF D8 FF DB 00 43 00 06 04 04 05 04 04 06 05 05","D9C3F85B6E0DF228AFB4CA1A9E9F4A6EE47EA6DB8582AD8811C972C34E4D4E50","","CLEAN"
"assets\ppv\ppv-adelaide-cs12_banner.webp","6120","52 49 46 46 E0 17 00 00 57 45 42 50 56 50 38 20","3B38D5C3415984E5B81161A11A7424173A02F1FC1436677FC5BB35A2312B6A43","","CLEAN"
"assets\ppv\ppv-adelaide-cs12_hero.jpg","89416","FF D8 FF DB 00 43 00 04 03 03 03 03 02 04 03 03","7F5B8AD633525B47A1A9CCA936AF1A847D17259C6B586660FFD4E007305E1E4F","","CLEAN"
"assets\ppv\ppv-adelaide-cs12_hero.webp","35792","52 49 46 46 C8 8B 00 00 57 45 42 50 56 50 38 20","8F743BA4212227F44989CDF570AC866BEB6ACD90836C848FE5B210F02B2D5636","","CLEAN"
"assets\ppv\ppv-adelaide-cs12_portrait.jpg","66799","FF D8 FF DB 00 43 00 04 03 03 03 03 02 04 03 03","6D1038E2F5FE0154D707660111863FF7D541264172A04E064954DC992EE3DC3B","","CLEAN"
"assets\ppv\ppv-adelaide-cs12_portrait.webp","31712","52 49 46 46 D8 7B 00 00 57 45 42 50 56 50 38 20","FA2E53D3342F5D1AA8F6EFE85098759C226C87B05F062275C8824064A634E83A","","CLEAN"
"assets\ppv\ppv-adelaide-cs12_preview.jpg","4164","FF D8 FF DB 00 43 00 07 05 05 06 05 04 07 06 06","F9B290AA29A164BFE2443C5152A52C39763372EA26E5CA93E6650E5AA556DC9F","","CLEAN"
"assets\ppv\ppv-adelaide-cs12_preview.webp","1920","52 49 46 46 78 07 00 00 57 45 42 50 56 50 38 20","9367C74F6FDC4C2EF84DB3512D95B838417D65B3D8E89E780D1180224670C3C4","","CLEAN"
"assets\ppv\ppv-adelaide-cs12_thumb.jpg","39454","FF D8 FF DB 00 43 00 06 04 04 05 04 04 06 05 05","079C05B5DE51869A0B30DD301B498644CB69F44610E965C7EDEF8472BCB37F78","","CLEAN"
"assets\ppv\ppv-adelaide-cs12_thumb.webp","17760","52 49 46 46 58 45 00 00 57 45 42 50 56 50 38 20","383337819BE3E169CA246F4D77FC9D4933F65A8F9EC2BD286D4169A189E976CF","","CLEAN"
"assets\ppv\ppv-bkfc-72_banner.jpg","22970","FF D8 FF DB 00 43 00 06 04 04 05 04 04 06 05 05","14B099B1AF1B4F38DB60B290964687FAE2523B05A73A461B769B6177A4F546C9","","CLEAN"
"assets\ppv\ppv-bkfc-72_banner.webp","9518","52 49 46 46 26 25 00 00 57 45 42 50 56 50 38 20","33B23AA9153C01FDE585DDF0A73CAC610A94D3276425CFD5B246B684FF074AD4","","CLEAN"
"assets\ppv\ppv-bkfc-72_hero.jpg","95685","FF D8 FF DB 00 43 00 04 03 03 03 03 02 04 03 03","CE51BD3C82356972CF058E41AE2A1C3C20E3636217CBD5CB01FAD95554500C93","","CLEAN"
"assets\ppv\ppv-bkfc-72_hero.webp","37734","52 49 46 46 5E 93 00 00 57 45 42 50 56 50 38 20","24C99BFCF242B151001E36B117FB2416C92FA9A9E3CBC32297D14BEC6129BCB8","","CLEAN"
"assets\ppv\ppv-bkfc-72_portrait.jpg","68925","FF D8 FF DB 00 43 00 04 03 03 03 03 02 04 03 03","4471313C713FE106F1743A19DE2DF9BE39EFCDDB704C5BB72BCC7EAFC5F85F21","","CLEAN"
"assets\ppv\ppv-bkfc-72_portrait.webp","32930","52 49 46 46 9A 80 00 00 57 45 42 50 56 50 38 20","2137A8A87CFD56BE93D55B4D5D0B4C24FFEB677EA2AFF2A2603CE347AC105E4D","","CLEAN"
"assets\ppv\ppv-bkfc-72_preview.jpg","5927","FF D8 FF DB 00 43 00 07 05 05 06 05 04 07 06 06","4458494323392CD85050A938EB25D49448F034EC42B78E9FA76C97FD54B16A71","","CLEAN"
"assets\ppv\ppv-bkfc-72_preview.webp","3050","52 49 46 46 E2 0B 00 00 57 45 42 50 56 50 38 20","7076CD48135D495F7A60317FD80E008F2850516DCF1208202213AD82D5A8448B","","CLEAN"
"assets\ppv\ppv-bkfc-72_thumb.jpg","46514","FF D8 FF DB 00 43 00 06 04 04 05 04 04 06 05 05","A9AA67443B890E2FC342FEAA6A570FCF6FFEE9D59E1E2DB68DB3FB11D2804FBB","","CLEAN"
"assets\ppv\ppv-bkfc-72_thumb.webp","21170","52 49 46 46 AA 52 00 00 57 45 42 50 56 50 38 20","D7553F59FA1106DF9FC8604F78E5E70EF410408C2807F10F3A54C483275DE2E0","","CLEAN"
"assets\ppv\ppv-bkfc-newcastle_banner.jpg","16277","FF D8 FF DB 00 43 00 06 04 04 05 04 04 06 05 05","8A1CC217F547D6730E1241FE90BC1CBB98585EF36AB868448C25210212D0E2BF","","CLEAN"
"assets\ppv\ppv-bkfc-newcastle_banner.webp","6398","52 49 46 46 F6 18 00 00 57 45 42 50 56 50 38 20","CA6CC833917CB3094272B0D03D4237DAC7A3825BFD638C7BFFEC825B43F760AF","","CLEAN"
"assets\ppv\ppv-bkfc-newcastle_hero.jpg","88460","FF D8 FF DB 00 43 00 04 03 03 03 03 02 04 03 03","915E7675E6790E50DA1A3A540AD775515F8F062A47800BF96DD136075E2C021E","","CLEAN"
"assets\ppv\ppv-bkfc-newcastle_hero.webp","33980","52 49 46 46 B4 84 00 00 57 45 42 50 56 50 38 20","545B3BDE80EF4155E664BB33219EF9E1FCDD3131083145ABF61821D7C91B3FC8","","CLEAN"
"assets\ppv\ppv-bkfc-newcastle_portrait.jpg","65340","FF D8 FF DB 00 43 00 04 03 03 03 03 02 04 03 03","B8520DB928736804BD407BE687BC06F1CBC729E7323925B733C76F513B4529EE","","CLEAN"
"assets\ppv\ppv-bkfc-newcastle_portrait.webp","30674","52 49 46 46 CA 77 00 00 57 45 42 50 56 50 38 20","17116D61866234C405A842EF71CB7939B94273CDAE801D1588B21AAC578E6127","","CLEAN"
"assets\ppv\ppv-bkfc-newcastle_preview.jpg","4261","FF D8 FF DB 00 43 00 07 05 05 06 05 04 07 06 06","C4AE5CA5D99160749A25C1559BFE5DEAA10D159C9618EF0C5A80C8137A75622E","","CLEAN"
"assets\ppv\ppv-bkfc-newcastle_preview.webp","1994","52 49 46 46 C2 07 00 00 57 45 42 50 56 50 38 20","CA7F402E8D4C2372F9311EC980730C30DD40B79295CF9AED52D9F420503E7728","","CLEAN"
"assets\ppv\ppv-bkfc-newcastle_thumb.jpg","40768","FF D8 FF DB 00 43 00 06 04 04 05 04 04 06 05 05","62398251EB1A132E8EF77E503966EA6C7987B66A2C4C613225FC47EED83FE9D8","","CLEAN"
"assets\ppv\ppv-bkfc-newcastle_thumb.webp","18334","52 49 46 46 96 47 00 00 57 45 42 50 56 50 38 20","9065F2E627968A888445550DF8FD18BBE04B296CC0462E2F78530E75135BCCA8","","CLEAN"
"assets\ppv\ppv-bkfc-townsville-hepi_banner.jpg","27673","FF D8 FF DB 00 43 00 06 04 04 05 04 04 06 05 05","3F7939F162E97206C40CC06F9A2379A5C49D8B0A5713EAA8945F385194A11FBB","","CLEAN"
"assets\ppv\ppv-bkfc-townsville-hepi_banner.webp","11926","52 49 46 46 8E 2E 00 00 57 45 42 50 56 50 38 20","4263F6703551581026B586E9601A0F86D1062A7FDFD457937201EA3B4E42519A","","CLEAN"
"assets\ppv\ppv-bkfc-townsville-hepi_hero.jpg","102123","FF D8 FF DB 00 43 00 04 03 03 03 03 02 04 03 03","DBF2F0FBABC522A88540C09714941E8A4A33AA9EDCF998616DE6B620E3FE56B4","","CLEAN"
"assets\ppv\ppv-bkfc-townsville-hepi_hero.webp","39528","52 49 46 46 60 9A 00 00 57 45 42 50 56 50 38 20","474D8214618547881CBA26D9752CD46D701CD5C5831E53F1B07B21E221533B31","","CLEAN"
"assets\ppv\ppv-bkfc-townsville-hepi_portrait.jpg","75245","FF D8 FF DB 00 43 00 04 03 03 03 03 02 04 03 03","5FE1B07476AA8CB25D17DDCA4A139F4CBEB6C1ABCBB2E824C069D00D46ABEF08","","CLEAN"
"assets\ppv\ppv-bkfc-townsville-hepi_portrait.webp","35432","52 49 46 46 60 8A 00 00 57 45 42 50 56 50 38 20","46D09C2BB280ABE894C1D758ACAC3CBAB7B090D9A2CB6AEEE2D96C33B0EE5408","","CLEAN"
"assets\ppv\ppv-bkfc-townsville-hepi_preview.jpg","6799","FF D8 FF DB 00 43 00 07 05 05 06 05 04 07 06 06","AA5A2EF176F389423B4A691C9064C3C57622F18181266520523C1F7B5F62474A","","CLEAN"
"assets\ppv\ppv-bkfc-townsville-hepi_preview.webp","3746","52 49 46 46 9A 0E 00 00 57 45 42 50 56 50 38 20","B1B3C72544DFB30B779BA450C5C8422E7D4C0583626241ACA933CA22826BB24D","","CLEAN"
"assets\ppv\ppv-bkfc-townsville-hepi_thumb.jpg","50709","FF D8 FF DB 00 43 00 06 04 04 05 04 04 06 05 05","C56F3F40376B078DE91295BD68551EF0DBAEC07DCDE6DC63039DEB854B4566B7","","CLEAN"
"assets\ppv\ppv-bkfc-townsville-hepi_thumb.webp","23002","52 49 46 46 D2 59 00 00 57 45 42 50 56 50 38 20","8E5FC08F884589620C25E236783EC48F25D21CD91C4A7B6958318D2DED446F59","","CLEAN"
"assets\ppv\ppv-brisbane-bonanza_banner.jpg","16655","FF D8 FF DB 00 43 00 06 04 04 05 04 04 06 05 05","85E7B04162460FAAB9C277D1102FCEF03D8C1119BF883B950AFF91A504919BEF","","CLEAN"
"assets\ppv\ppv-brisbane-bonanza_banner.webp","6578","52 49 46 46 AA 19 00 00 57 45 42 50 56 50 38 20","117CA3BC7937A25A79626C91CFBA3924310421A39EADBE5805BF3E2F7A6B2427","","CLEAN"
"assets\ppv\ppv-brisbane-bonanza_hero.jpg","92972","FF D8 FF DB 00 43 00 04 03 03 03 03 02 04 03 03","FFCBDA1329854491E660E1D603EA459FA53F23C2288E11BC68D6B965817CE658","","CLEAN"
"assets\ppv\ppv-brisbane-bonanza_hero.webp","37356","52 49 46 46 E4 91 00 00 57 45 42 50 56 50 38 20","6564A66C845E4ECEC61A79A3C4153F62A927750F29F2C146B613B5C4235EEE32","","CLEAN"
"assets\ppv\ppv-brisbane-bonanza_portrait.jpg","70193","FF D8 FF DB 00 43 00 04 03 03 03 03 02 04 03 03","FFD6BAF0CE388FBB7CFFFAD8DC970B0D02CAFCB2B8E8EC436A94C0AF4F05C2F5","","CLEAN"
"assets\ppv\ppv-brisbane-bonanza_portrait.webp","33476","52 49 46 46 BC 82 00 00 57 45 42 50 56 50 38 20","ED62B72A3540954C8AB57FE3FEAD8272788F5007086A88D355E3A434455D3AF2","","CLEAN"
"assets\ppv\ppv-brisbane-bonanza_preview.jpg","4408","FF D8 FF DB 00 43 00 07 05 05 06 05 04 07 06 06","18884B541923660F4646DDDA86689BA457904D762C21C4F93B926D141F9260BE","","CLEAN"
"assets\ppv\ppv-brisbane-bonanza_preview.webp","2062","52 49 46 46 06 08 00 00 57 45 42 50 56 50 38 20","4E789417475531B94E40DE38D85D5A0019676F22991BF76A26BC0BE316139D52","","CLEAN"
"assets\ppv\ppv-brisbane-bonanza_thumb.jpg","42702","FF D8 FF DB 00 43 00 06 04 04 05 04 04 06 05 05","9C3805369B015FB7DC5D46DE49BC48F2D0D24700DB3E721A07C5052AFC59EC63","","CLEAN"
"assets\ppv\ppv-brisbane-bonanza_thumb.webp","19734","52 49 46 46 0E 4D 00 00 57 45 42 50 56 50 38 20","24E00C480A09A371FD12310FB4FC9B482983EF2C088B6107EABFA9D0CF4F5668","","CLEAN"
"assets\ppv\ppv-elite-fs-cairns_banner.jpg","25327","FF D8 FF DB 00 43 00 06 04 04 05 04 04 06 05 05","81A0B4A3D54384F927194B23B4FDEBE43F1E4B6F0EA6A648B170FB491A092A92","","CLEAN"
"assets\ppv\ppv-elite-fs-cairns_banner.webp","10760","52 49 46 46 00 2A 00 00 57 45 42 50 56 50 38 20","15D0938F35F86BFD0BA09D79B7192199EE2516C97129AB2FC5EB912713066826","","CLEAN"
"assets\ppv\ppv-elite-fs-cairns_hero.jpg","91673","FF D8 FF DB 00 43 00 04 03 03 03 03 02 04 03 03","2C2B5562053B77297CDC16234FA2D50C2D3A9C9483048BE59CDDD39C044DDDB9","","CLEAN"
"assets\ppv\ppv-elite-fs-cairns_hero.webp","35922","52 49 46 46 4A 8C 00 00 57 45 42 50 56 50 38 20","D86083BEC2D42ED3EF7D2871071FA75993C63375BBCE326C2193AFF732814198","","CLEAN"
"assets\ppv\ppv-elite-fs-cairns_portrait.jpg","68594","FF D8 FF DB 00 43 00 04 03 03 03 03 02 04 03 03","03D5B7EB0F31DC60CA35231AD77875956A5CA692672758E37BFA141484BC1885","","CLEAN"
"assets\ppv\ppv-elite-fs-cairns_portrait.webp","32144","52 49 46 46 88 7D 00 00 57 45 42 50 56 50 38 20","6F2CCB32D2C6826840139C6AFE3721F7CA3AEC8A8603AD03A0A501638E29933A","","CLEAN"
"assets\ppv\ppv-elite-fs-cairns_preview.jpg","6163","FF D8 FF DB 00 43 00 07 05 05 06 05 04 07 06 06","61D0B564E47BC725392637E65F3DD02E3799E456F8AF1B9D942C9818632B1719","","CLEAN"
"assets\ppv\ppv-elite-fs-cairns_preview.webp","3342","52 49 46 46 06 0D 00 00 57 45 42 50 56 50 38 20","808E683DEF281FC973E0188B60579280087DE38B11D8ABE1CB0B79310BA8A82A","","CLEAN"
"assets\ppv\ppv-elite-fs-cairns_thumb.jpg","41728","FF D8 FF DB 00 43 00 06 04 04 05 04 04 06 05 05","899016DF4827BC40088418C0BAC128F648033C86419A2199EACE2D6A372A67C6","","CLEAN"
"assets\ppv\ppv-elite-fs-cairns_thumb.webp","18982","52 49 46 46 1E 4A 00 00 57 45 42 50 56 50 38 20","47DF610177891A28D2DE7559D1094812464F905BD4059C0C9E38EA8C8324D2BC","","CLEAN"
"assets\ppv\ppv-eternal-80_banner.jpg","25008","FF D8 FF DB 00 43 00 06 04 04 05 04 04 06 05 05","9A5043C41648E63F983448D8F81B445A4A4730B58CCA9C2404A2D7139D960C90","","CLEAN"
"assets\ppv\ppv-eternal-80_banner.webp","10544","52 49 46 46 28 29 00 00 57 45 42 50 56 50 38 20","135FED5D107627FD51942E8F68F3570F0D3B8424B7CEAF18A65BCE7C1A939C38","","CLEAN"
"assets\ppv\ppv-eternal-80_hero.jpg","83099","FF D8 FF DB 00 43 00 04 03 03 03 03 02 04 03 03","2604DC80074A2283C90F6DC7AB0369F7A4C608EA97A07B6A23F6B239D0E9A82D","","CLEAN"
"assets\ppv\ppv-eternal-80_hero.webp","32952","52 49 46 46 B0 80 00 00 57 45 42 50 56 50 38 20","AE5562F20C85052B1806E850249022A7401AA4E142EF3F35F8AF6494450FAF99","","CLEAN"
"assets\ppv\ppv-eternal-80_portrait.jpg","62167","FF D8 FF DB 00 43 00 04 03 03 03 03 02 04 03 03","A8810422BE3F8A6D732ACFAC6DBD186E59BE3D82E408D918B74E8AEE9AA05C28","","CLEAN"
"assets\ppv\ppv-eternal-80_portrait.webp","29612","52 49 46 46 A4 73 00 00 57 45 42 50 56 50 38 20","05E887F981982EC95D9F49C78A1A4FB6C37D616C455ECB153B0E6323EF397904","","CLEAN"
"assets\ppv\ppv-eternal-80_preview.jpg","6154","FF D8 FF DB 00 43 00 07 05 05 06 05 04 07 06 06","7E7E080D183F04D9E1398F269E5770BDB00CF8D07E6B604663F608A5CB5F6841","","CLEAN"
"assets\ppv\ppv-eternal-80_preview.webp","3298","52 49 46 46 DA 0C 00 00 57 45 42 50 56 50 38 20","98E41080CC009BA3DC1D94082385230A15FFDEC39B834D158733399B80953D6C","","CLEAN"
"assets\ppv\ppv-eternal-80_thumb.jpg","37499","FF D8 FF DB 00 43 00 06 04 04 05 04 04 06 05 05","E0AB5F5019E2516C27BE545C451C4380EB116CD0B6DE09D92EC7B52B194174A3","","CLEAN"
"assets\ppv\ppv-eternal-80_thumb.webp","16846","52 49 46 46 C6 41 00 00 57 45 42 50 56 50 38 20","A01B98FAB4121F0EB4EF90D25406458A49BEA3375CBE2AA291B2B600D91805A3","","CLEAN"
"assets\ppv\ppv-eternal88_banner.jpg","15964","FF D8 FF DB 00 43 00 06 04 04 05 04 04 06 05 05","D9C3F85B6E0DF228AFB4CA1A9E9F4A6EE47EA6DB8582AD8811C972C34E4D4E50","","CLEAN"
"assets\ppv\ppv-eternal88_banner.webp","6120","52 49 46 46 E0 17 00 00 57 45 42 50 56 50 38 20","3B38D5C3415984E5B81161A11A7424173A02F1FC1436677FC5BB35A2312B6A43","","CLEAN"
"assets\ppv\ppv-eternal88_hero.jpg","72677","FF D8 FF DB 00 43 00 04 03 03 03 03 02 04 03 03","A9D394F45979514AC279915D10D3C63414AEA9E68B4915438286B631D1A57507","","CLEAN"
"assets\ppv\ppv-eternal88_hero.webp","28426","52 49 46 46 02 6F 00 00 57 45 42 50 56 50 38 20","D48EF7F43BBB47B5B813B9D293AD2B649BAAF5F8A69E7A76BAED94A8024FB8B4","","CLEAN"
"assets\ppv\ppv-eternal88_portrait.jpg","52851","FF D8 FF DB 00 43 00 04 03 03 03 03 02 04 03 03","00E9615BD63BC57203ED514A138A1000E0873FA8D65E0AAAA89D57AFF98A740D","","CLEAN"
"assets\ppv\ppv-eternal88_portrait.webp","24436","52 49 46 46 6C 5F 00 00 57 45 42 50 56 50 38 20","A2BF233C7373FE6F5119930A58F538E715B12060530C26C2442D196C0E88BCF1","","CLEAN"
"assets\ppv\ppv-eternal88_preview.jpg","4164","FF D8 FF DB 00 43 00 07 05 05 06 05 04 07 06 06","F9B290AA29A164BFE2443C5152A52C39763372EA26E5CA93E6650E5AA556DC9F","","CLEAN"
"assets\ppv\ppv-eternal88_preview.webp","1920","52 49 46 46 78 07 00 00 57 45 42 50 56 50 38 20","9367C74F6FDC4C2EF84DB3512D95B838417D65B3D8E89E780D1180224670C3C4","","CLEAN"
"assets\ppv\ppv-eternal88_thumb.jpg","30314","FF D8 FF DB 00 43 00 06 04 04 05 04 04 06 05 05","2D3019BD558059F0353EB1CA9B21AA65FA37D152D8D76DA1C18EDBF5B7B5D0D7","","CLEAN"
"assets\ppv\ppv-eternal88_thumb.webp","13404","52 49 46 46 54 34 00 00 57 45 42 50 56 50 38 20","4A637E050F7C56F0F3A72A13FCE3E941042621CA415E1BE2AF125F20E7D30510","","CLEAN"
"assets\ppv\ppv-hex-25_banner.jpg","26060","FF D8 FF DB 00 43 00 06 04 04 05 04 04 06 05 05","419D3937E844D535BDD47D9EB215CB3DCD5DE051691E58C2EEFC11B4F7D1334E","","CLEAN"
"assets\ppv\ppv-hex-25_banner.webp","10980","52 49 46 46 DC 2A 00 00 57 45 42 50 56 50 38 20","B9BF963C112E491559098EA20D271434490E44CBF29157C9354FCA95DC03BC1C","","CLEAN"
"assets\ppv\ppv-hex-25_hero.jpg","89612","FF D8 FF DB 00 43 00 04 03 03 03 03 02 04 03 03","4F9E9B336AD695DF4133C2B6DE9A7AF38F698D26D0A7D43CE737DAA94FCFBE45","","CLEAN"
"assets\ppv\ppv-hex-25_hero.webp","35414","52 49 46 46 4E 8A 00 00 57 45 42 50 56 50 38 20","159DDB2364717A6687D470DAC35995B19058A59D83B88729F0A2E56EC68EF348","","CLEAN"
"assets\ppv\ppv-hex-25_portrait.jpg","67699","FF D8 FF DB 00 43 00 04 03 03 03 03 02 04 03 03","06F55BE005EA1D3B9B42D3258BBF2E7550C149EE021B57606111D936872C0946","","CLEAN"
"assets\ppv\ppv-hex-25_portrait.webp","32134","52 49 46 46 7E 7D 00 00 57 45 42 50 56 50 38 20","3C29E55196CBD758190703F72000723511EDEA4404F38561614E952E7BAE14B2","","CLEAN"
"assets\ppv\ppv-hex-25_preview.jpg","6344","FF D8 FF DB 00 43 00 07 05 05 06 05 04 07 06 06","A6474091C6C4EA80EA4AC84D161C056C95F5892420CD6AA5597E8D1D67F5782E","","CLEAN"
"assets\ppv\ppv-hex-25_preview.webp","3450","52 49 46 46 72 0D 00 00 57 45 42 50 56 50 38 20","344DE0A5A007D725F8AA80FA98BE7E98CC6C994E641ED0DA08E50CF640615EA1","","CLEAN"
"assets\ppv\ppv-hex-25_thumb.jpg","41049","FF D8 FF DB 00 43 00 06 04 04 05 04 04 06 05 05","B409D08BCF2E2C431BE278DC87418160B77C921307FBE20753435DE1869E0B61","","CLEAN"
"assets\ppv\ppv-hex-25_thumb.webp","18750","52 49 46 46 36 49 00 00 57 45 42 50 56 50 38 20","5E2B146A69A8037C27F7A040D9FFADB7A6CD336FD578985F6243F87A4FC2B9DA","","CLEAN"
"assets\ppv\ppv-ibc-03_banner.jpg","25760","FF D8 FF DB 00 43 00 06 04 04 05 04 04 06 05 05","55595601AEDDDF9C43FEFF2C564345E8013E0D4FBEB240A22B5F27BF71368821","","CLEAN"
"assets\ppv\ppv-ibc-03_banner.webp","11014","52 49 46 46 FE 2A 00 00 57 45 42 50 56 50 38 20","9403F80D0BA4A50824FD0482350F4022E25D1FB0FEA45D13CB3603145041FC26","","CLEAN"
"assets\ppv\ppv-ibc-03_hero.jpg","97716","FF D8 FF DB 00 43 00 04 03 03 03 03 02 04 03 03","B600E4E166A812807C6A0543F7EAE3A70283353C8C600C4ED3C6BCD5AF84AD72","","CLEAN"
"assets\ppv\ppv-ibc-03_hero.webp","39950","52 49 46 46 06 9C 00 00 57 45 42 50 56 50 38 20","C70B23DA857847B4D263B963710DBEC97D9958C6A29BC39878590881CCBE3F4C","","CLEAN"
"assets\ppv\ppv-ibc-03_portrait.jpg","73177","FF D8 FF DB 00 43 00 04 03 03 03 03 02 04 03 03","FF6D0E51B2C6CAFF65F4DD16F5DBB8178E3B90327F558482094B8474B5DD8755","","CLEAN"
"assets\ppv\ppv-ibc-03_portrait.webp","35766","52 49 46 46 AE 8B 00 00 57 45 42 50 56 50 38 20","BC91C5A2E9D5573ADB32A7B36F836630F87F47E175029D09C3971FF2BF35BEF0","","CLEAN"
"assets\ppv\ppv-ibc-03_preview.jpg","6254","FF D8 FF DB 00 43 00 07 05 05 06 05 04 07 06 06","B74200809C71E1F68E6B98AD3DEC11D1C86565AACB0A81969C870EDAE6599E78","","CLEAN"
"assets\ppv\ppv-ibc-03_preview.webp","3396","52 49 46 46 3C 0D 00 00 57 45 42 50 56 50 38 20","9179C97E5438195703D429C4654ADFFC8E385FF3F40DEA7C87309AD64A720AA3","","CLEAN"
"assets\ppv\ppv-ibc-03_thumb.jpg","44050","FF D8 FF DB 00 43 00 06 04 04 05 04 04 06 05 05","46AFC5AF6D8A9DED70E6C97B2F6930AADBD6833FD1098738F9F100B3F2867240","","CLEAN"
"assets\ppv\ppv-ibc-03_thumb.webp","20900","52 49 46 46 9C 51 00 00 57 45 42 50 56 50 38 20","39BEC0A294106AEC9E11C647EB1486FCB38C8904AB9754168A13C054B1DF4FE2","","CLEAN"
"assets\ppv\ppv-ifma-antalyacup_banner.jpg","15250","FF D8 FF DB 00 43 00 06 04 04 05 04 04 06 05 05","3AA3F3872F709730DFD873C352C6C8905BCADCF3667F1ED4DD15A69FAA60D8D3","","CLEAN"
"assets\ppv\ppv-ifma-antalyacup_banner.webp","5710","52 49 46 46 46 16 00 00 57 45 42 50 56 50 38 20","8CC227AB9B838EB213457CD2326AA485662C2CE84BAF1130A064AE2C520C6FDE","","CLEAN"
"assets\ppv\ppv-ifma-antalyacup_hero.jpg","81101","FF D8 FF DB 00 43 00 04 03 03 03 03 02 04 03 03","4138D3C8B9228038C8E5D08590B723877EB108FE915B392F9815551DADE81AC5","","CLEAN"
"assets\ppv\ppv-ifma-antalyacup_hero.webp","30660","52 49 46 46 BC 77 00 00 57 45 42 50 56 50 38 20","0DA573EFE49E94756B2BDEAE4D3E93D61D9B3B2F526E196BE82F2A416ECD0AF9","","CLEAN"
"assets\ppv\ppv-ifma-antalyacup_portrait.jpg","58664","FF D8 FF DB 00 43 00 04 03 03 03 03 02 04 03 03","BD3D43E27BBDA2A1AF3A3D0DE54EF3A204445B945A1BBB3789345077B17E238D","","CLEAN"
"assets\ppv\ppv-ifma-antalyacup_portrait.webp","26178","52 49 46 46 3A 66 00 00 57 45 42 50 56 50 38 20","0E7762C287CF08426827E60F7F4E3BD70A8779FE9B2FA2C4D92408C0BF750A14","","CLEAN"
"assets\ppv\ppv-ifma-antalyacup_preview.jpg","4008","FF D8 FF DB 00 43 00 07 05 05 06 05 04 07 06 06","4B30DEABBE4551E0D1B29602101470D6E07822BEC585CEFB90C6E680EFF668AB","","CLEAN"
"assets\ppv\ppv-ifma-antalyacup_preview.webp","1818","52 49 46 46 12 07 00 00 57 45 42 50 56 50 38 20","8D546384C9911CB695138F6F8F5F8E8C644F32BAB529826CDB3A50F4F970D6E5","","CLEAN"
"assets\ppv\ppv-ifma-antalyacup_thumb.jpg","37094","FF D8 FF DB 00 43 00 06 04 04 05 04 04 06 05 05","97EF121DE2043C6BCE80E0BC15C8E443C725E52D098698923E4FD804F393597A","","CLEAN"
"assets\ppv\ppv-ifma-antalyacup_thumb.webp","15922","52 49 46 46 2A 3E 00 00 57 45 42 50 56 50 38 20","C7F435CE4DA178A9AFFC9B77ED35930D2C8B5AB379AB0453600205F365909D40","","CLEAN"
"assets\ppv\ppv-legends45_banner.jpg","16655","FF D8 FF DB 00 43 00 06 04 04 05 04 04 06 05 05","85E7B04162460FAAB9C277D1102FCEF03D8C1119BF883B950AFF91A504919BEF","","CLEAN"
"assets\ppv\ppv-legends45_banner.webp","6578","52 49 46 46 AA 19 00 00 57 45 42 50 56 50 38 20","117CA3BC7937A25A79626C91CFBA3924310421A39EADBE5805BF3E2F7A6B2427","","CLEAN"
"assets\ppv\ppv-legends45_hero_new.jpg","570444","89 50 4E 47 0D 0A 1A 0A 00 00 00 0D 49 48 44 52","E6AF9D2B13CF771EAB8C88B92D3AD6869D1E5095040AC15E4EBD9A397F6C1D93","info:png_content_in_jpg_ext","INFO"
"assets\ppv\ppv-legends45_hero.jpg","87205","FF D8 FF DB 00 43 00 04 03 03 03 03 02 04 03 03","CD4A5B5F522F5E1378C03B73DE7D68089F7C4858D3190AAC597B5777C338A44D","","CLEAN"
"assets\ppv\ppv-legends45_hero.webp","34486","52 49 46 46 AE 86 00 00 57 45 42 50 56 50 38 20","265C97FC16D768A351D8F3CCE9ADEBB7F67A300CCEE33C53D40CD18234C657C4","","CLEAN"
"assets\ppv\ppv-legends45_portrait.jpg","66058","FF D8 FF DB 00 43 00 04 03 03 03 03 02 04 03 03","8EE4F46B1DA35A7F2AE84EB2B1240EC70B2FCFBA371742D4EE378B1649F80E3A","","CLEAN"
"assets\ppv\ppv-legends45_portrait.webp","30774","52 49 46 46 2E 78 00 00 57 45 42 50 56 50 38 20","3598218D115714199E5A1E9762EFD33943054CB0F5F634C84F551B0A65FEF341","","CLEAN"
"assets\ppv\ppv-legends45_preview.jpg","4408","FF D8 FF DB 00 43 00 07 05 05 06 05 04 07 06 06","18884B541923660F4646DDDA86689BA457904D762C21C4F93B926D141F9260BE","","CLEAN"
"assets\ppv\ppv-legends45_preview.webp","2062","52 49 46 46 06 08 00 00 57 45 42 50 56 50 38 20","4E789417475531B94E40DE38D85D5A0019676F22991BF76A26BC0BE316139D52","","CLEAN"
"assets\ppv\ppv-legends45_thumb.jpg","40381","FF D8 FF DB 00 43 00 06 04 04 05 04 04 06 05 05","C1495334460027BEF85DD8A67D0B82EC746D0F67602FAF083D765AA10AC6892F","","CLEAN"
"assets\ppv\ppv-legends45_thumb.webp","17986","52 49 46 46 3A 46 00 00 57 45 42 50 56 50 38 20","3B844F3EE6F0CA90A0C7BD74A8B98C0E4310DA4D6B0211E94C4A6F3F09F85219","","CLEAN"
"assets\ppv\ppv-one-170_banner.jpg","23960","FF D8 FF DB 00 43 00 06 04 04 05 04 04 06 05 05","FAE8734330FB1DFBDF8201AE0115247E71DCA296EEB326285CD46D87952AFA1F","","CLEAN"
"assets\ppv\ppv-one-170_banner.webp","10074","52 49 46 46 52 27 00 00 57 45 42 50 56 50 38 20","BB4ECAC4B210D2E9D13663C44680AA593D862D368CEF373EF2C31EC24BFC99D2","","CLEAN"
"assets\ppv\ppv-one-170_hero.jpg","80071","FF D8 FF DB 00 43 00 04 03 03 03 03 02 04 03 03","D6C75779D0AE19384D0DAB936973B96E5AFB219774D709062E8652606E7AD2D6","","CLEAN"
"assets\ppv\ppv-one-170_hero.webp","31034","52 49 46 46 32 79 00 00 57 45 42 50 56 50 38 20","E913F17D4798B2C0739F8B3AE9E452DEF4FBC7168E497611FE0F82321626CDC6","","CLEAN"
"assets\ppv\ppv-one-170_portrait.jpg","58266","FF D8 FF DB 00 43 00 04 03 03 03 03 02 04 03 03","AC852D02919C27DC69E55FBD207C2A767165D24AED1714DBC3C56152A8DE256C","","CLEAN"
"assets\ppv\ppv-one-170_portrait.webp","26592","52 49 46 46 D8 67 00 00 57 45 42 50 56 50 38 20","F779158D982DAAC7EDBB8B098EDB62116A346619A185D9235028CDE088D260FF","","CLEAN"
"assets\ppv\ppv-one-170_preview.jpg","6101","FF D8 FF DB 00 43 00 07 05 05 06 05 04 07 06 06","13153E7A68977AB2A6D595898D7CD4F67472171E0145896572C873C9B61C8350","","CLEAN"
"assets\ppv\ppv-one-170_preview.webp","3136","52 49 46 46 38 0C 00 00 57 45 42 50 56 50 38 20","5273537B61CBA088179C08AD1216846C4D335CFA443D11AA6A0C4F27818E2E0D","","CLEAN"
"assets\ppv\ppv-one-170_thumb.jpg","34690","FF D8 FF DB 00 43 00 06 04 04 05 04 04 06 05 05","520B770A7048EE3599DF0B6543E6DB0EBEECAADA3C19D9D948C730FC02A32758","","CLEAN"
"assets\ppv\ppv-one-170_thumb.webp","15536","52 49 46 46 A8 3C 00 00 57 45 42 50 56 50 38 20","1E18D2546349D1198B39177AF8C3F3F3375E3F4E5EEEC486AC31390FD3E5FE38","","CLEAN"
"assets\ppv\ppv-pfl-pittsburgh-2026_banner.jpg","23267","FF D8 FF DB 00 43 00 06 04 04 05 04 04 06 05 05","C5BCEDBF964364CFD384B95F642F9972967CC2A63953BD77840C93DAAAE5AEC4","","CLEAN"
"assets\ppv\ppv-pfl-pittsburgh-2026_banner.webp","9608","52 49 46 46 80 25 00 00 57 45 42 50 56 50 38 20","E7C9B7D80F5190ED27271B1DEA959832FB114D7210DBFB01F5A770C170F4DF94","","CLEAN"
"assets\ppv\ppv-pfl-pittsburgh-2026_hero.jpg","92409","FF D8 FF DB 00 43 00 04 03 03 03 03 02 04 03 03","9C3C7AB86DA696ADB8B0A002AC47693FD773088163AD85381692EF393E914199","","CLEAN"
"assets\ppv\ppv-pfl-pittsburgh-2026_hero.webp","35378","52 49 46 46 2A 8A 00 00 57 45 42 50 56 50 38 20","E01D7DA69A064D5B937CDC46B070B2090D0D98750C88E2AE4753EF00974244CF","","CLEAN"
"assets\ppv\ppv-pfl-pittsburgh-2026_portrait.jpg","68353","FF D8 FF DB 00 43 00 04 03 03 03 03 02 04 03 03","6FD0C2ACC938A178FEBAE76557F55CC84A13DC9A59A3345B3D08E9C1C5431094","","CLEAN"
"assets\ppv\ppv-pfl-pittsburgh-2026_portrait.webp","32096","52 49 46 46 58 7D 00 00 57 45 42 50 56 50 38 20","1745B8A3CD220FB6E8C0791CBE4D72FC6E435D1DE8B6910A7D51739FDF97A3FE","","CLEAN"
"assets\ppv\ppv-pfl-pittsburgh-2026_preview.jpg","5858","FF D8 FF DB 00 43 00 07 05 05 06 05 04 07 06 06","B916B684AF62F20471D616B42771E5CDCC13DF787F98D693855B7C93522A8436","","CLEAN"
"assets\ppv\ppv-pfl-pittsburgh-2026_preview.webp","3032","52 49 46 46 D0 0B 00 00 57 45 42 50 56 50 38 20","F3802BC6BD4DADC9FACF8AE56BC22C0967352274A1EF6F667C6E8739324332B7","","CLEAN"
"assets\ppv\ppv-pfl-pittsburgh-2026_thumb.jpg","43689","FF D8 FF DB 00 43 00 06 04 04 05 04 04 06 05 05","B2D15420EFD7B3054853B9B71D33E0158ABE694D976DDCF53E41ABC536CD9FA2","","CLEAN"
"assets\ppv\ppv-pfl-pittsburgh-2026_thumb.webp","19484","52 49 46 46 14 4C 00 00 57 45 42 50 56 50 38 20","2D6CE0553C39CF9F1AE504C4EE2AD106AC36F69ACAC3AB4D61B29DC12E93B2E9","","CLEAN"
"assets\ppv\ppv-ufc-327_banner.jpg","25102","FF D8 FF DB 00 43 00 06 04 04 05 04 04 06 05 05","CE10176776976A452545836AB1D5BEE4E6573A17E5EA8CF98A31F651DA8DCB35","","CLEAN"
"assets\ppv\ppv-ufc-327_banner.webp","10482","52 49 46 46 EA 28 00 00 57 45 42 50 56 50 38 20","DDDB33AE9CF56FBBD406FD70C06E3611A9401BA8041956C4B7A312A1E8FF7F9C","","CLEAN"
"assets\ppv\ppv-ufc-327_hero.jpg","95210","FF D8 FF DB 00 43 00 04 03 03 03 03 02 04 03 03","C31211125A8C07632D64B21FE375F3EC3ACB5DA65FC0FBAD39F5BD9FFD19887D","","CLEAN"
"assets\ppv\ppv-ufc-327_hero.webp","38220","52 49 46 46 44 95 00 00 57 45 42 50 56 50 38 20","2E02A74B10B73363011203FBCA957844AC352D0142BC126D32E2AE648DF0283F","","CLEAN"
"assets\ppv\ppv-ufc-327_portrait.jpg","69487","FF D8 FF DB 00 43 00 04 03 03 03 03 02 04 03 03","86145D5CA12C57706614757E23E104AD6AD5374C99867DA134E347B81754682B","","CLEAN"
"assets\ppv\ppv-ufc-327_portrait.webp","32908","52 49 46 46 84 80 00 00 57 45 42 50 56 50 38 20","92C26214007A88EBC7776B45EC8A9CFE9762B6810425A8DA8E00DFDD90651A32","","CLEAN"
"assets\ppv\ppv-ufc-327_preview.jpg","6207","FF D8 FF DB 00 43 00 07 05 05 06 05 04 07 06 06","D9D9668B4504DD9BAE57133B796C45C072CBD05DAD64763EF64DC975F80AFEAB","","CLEAN"
"assets\ppv\ppv-ufc-327_preview.webp","3264","52 49 46 46 B8 0C 00 00 57 45 42 50 56 50 38 20","F250E973A46F9D1CEF36D22A39B51C05A8571DC5FA5E028100CB248FE90E3C5D","","CLEAN"
"assets\ppv\ppv-ufc-327_thumb.jpg","45273","FF D8 FF DB 00 43 00 06 04 04 05 04 04 06 05 05","FECA92D767B7B568582F74F5F8FD96B7240E7DCCA3E8657C7057032A9F7246DF","","CLEAN"
"assets\ppv\ppv-ufc-327_thumb.webp","21304","52 49 46 46 30 53 00 00 57 45 42 50 56 50 38 20","7AE7C98F1957FAA3FA2160A8B5D1D382F9D73B1E86F67C734EE6B90FA59642DE","","CLEAN"
"assets\ppv\ppv-ufc-328_banner.jpg","28349","FF D8 FF DB 00 43 00 06 04 04 05 04 04 06 05 05","13F82327C6382BDB6D8EF6C4B065DB8A58644592CF79826AC154B0F990C33EE2","","CLEAN"
"assets\ppv\ppv-ufc-328_banner.webp","12132","52 49 46 46 5C 2F 00 00 57 45 42 50 56 50 38 20","E58EDC372F578D5744E36DF994B57C7AC500F253216089525A948E7199A0B20D","","CLEAN"
"assets\ppv\ppv-ufc-328_hero.jpg","99861","FF D8 FF DB 00 43 00 04 03 03 03 03 02 04 03 03","BCF4C3ABF3D8C3DD047C426AB3042F33162C0518641A3F1CBDAB7443D664083F","","CLEAN"
"assets\ppv\ppv-ufc-328_hero.webp","40706","52 49 46 46 FA 9E 00 00 57 45 42 50 56 50 38 20","C77A47EDB97F29CAB0AA756617F23C860D4372DDA8D393BD7C79A3A9EA79F216","","CLEAN"
"assets\ppv\ppv-ufc-328_portrait.jpg","72659","FF D8 FF DB 00 43 00 04 03 03 03 03 02 04 03 03","08BBCDC34EFBE93B8A22A60DE26031EC93E4ABE1F1C4885B832E00D57601EE9F","","CLEAN"
"assets\ppv\ppv-ufc-328_portrait.webp","34916","52 49 46 46 5C 88 00 00 57 45 42 50 56 50 38 20","584261E8876BD0CFE9D7E6AA0BCE0FC7CAC7C7487FCCC7858C9A49D28EA2DA06","","CLEAN"
"assets\ppv\ppv-ufc-328_preview.jpg","7058","FF D8 FF DB 00 43 00 07 05 05 06 05 04 07 06 06","9F99DB585A5A36F9A3B3A1EF5289F5F1BE56331D5E90B7ADE59DFE0E387F5F48","","CLEAN"
"assets\ppv\ppv-ufc-328_preview.webp","3816","52 49 46 46 E0 0E 00 00 57 45 42 50 56 50 38 20","5C83481A1F6E6E8B4ECE004F39FEBCE00CDD85214CD72A5DCD19EFFD666860F1","","CLEAN"
"assets\ppv\ppv-ufc-328_thumb.jpg","48267","FF D8 FF DB 00 43 00 06 04 04 05 04 04 06 05 05","7227C2841E5C1A587ECA44351D8768B6CBD4DEB676674A23EEFE650A286FCECB","","CLEAN"
"assets\ppv\ppv-ufc-328_thumb.webp","23016","52 49 46 46 E0 59 00 00 57 45 42 50 56 50 38 20","DA7B731226F3ABA42CFFDB0B6ACDB363EB5F693FD6B52990133616D90C9FF62C","","CLEAN"
"assets\ppv\ppv-ufc-paramount-fightnight_banner.jpg","15964","FF D8 FF DB 00 43 00 06 04 04 05 04 04 06 05 05","D9C3F85B6E0DF228AFB4CA1A9E9F4A6EE47EA6DB8582AD8811C972C34E4D4E50","","CLEAN"
"assets\ppv\ppv-ufc-paramount-fightnight_banner.webp","6120","52 49 46 46 E0 17 00 00 57 45 42 50 56 50 38 20","3B38D5C3415984E5B81161A11A7424173A02F1FC1436677FC5BB35A2312B6A43","","CLEAN"
"assets\ppv\ppv-ufc-paramount-fightnight_hero.jpg","80440","FF D8 FF DB 00 43 00 04 03 03 03 03 02 04 03 03","DD0821B15B4439D6D04E61E8B45B48E088372EFA359470B85633A854FBB378B4","","CLEAN"
"assets\ppv\ppv-ufc-paramount-fightnight_hero.webp","30618","52 49 46 46 92 77 00 00 57 45 42 50 56 50 38 20","CC77D65C32A63AEC67238264FDF770871ADD4F8BA5FEE34A166A95665112AD72","","CLEAN"
"assets\ppv\ppv-ufc-paramount-fightnight_portrait.jpg","56453","FF D8 FF DB 00 43 00 04 03 03 03 03 02 04 03 03","6C1C0FBA18957DB4C7B0D21CD17C22A18B4388E81EA3869F5B7554A8DFF7BB7D","","CLEAN"
"assets\ppv\ppv-ufc-paramount-fightnight_portrait.webp","25620","52 49 46 46 0C 64 00 00 57 45 42 50 56 50 38 20","C0DCB478F92DDEC6E302B78FD4164C44A5B6AABA21D9E6DAD20F9BD8FFB43A13","","CLEAN"
"assets\ppv\ppv-ufc-paramount-fightnight_preview.jpg","4164","FF D8 FF DB 00 43 00 07 05 05 06 05 04 07 06 06","F9B290AA29A164BFE2443C5152A52C39763372EA26E5CA93E6650E5AA556DC9F","","CLEAN"
"assets\ppv\ppv-ufc-paramount-fightnight_preview.webp","1920","52 49 46 46 78 07 00 00 57 45 42 50 56 50 38 20","9367C74F6FDC4C2EF84DB3512D95B838417D65B3D8E89E780D1180224670C3C4","","CLEAN"
"assets\ppv\ppv-ufc-paramount-fightnight_thumb.jpg","36408","FF D8 FF DB 00 43 00 06 04 04 05 04 04 06 05 05","D8026C73626AEB95A3BDC121900CEBEFAC322537CBBD9D0DFB1EB3205726A75E","","CLEAN"
"assets\ppv\ppv-ufc-paramount-fightnight_thumb.webp","15690","52 49 46 46 42 3D 00 00 57 45 42 50 56 50 38 20","61E8BFAF47B0EDF12B3944E1D086A046208906B874506D34239605D2FEE65987","","CLEAN"
"assets\ppv\ppv-ufc-perth-2026_banner.jpg","28713","FF D8 FF DB 00 43 00 06 04 04 05 04 04 06 05 05","3CBCF07DF2B408DA5560938965D6750742945757370AC198E1F4D5F165E1D44F","","CLEAN"
"assets\ppv\ppv-ufc-perth-2026_banner.webp","12156","52 49 46 46 74 2F 00 00 57 45 42 50 56 50 38 20","21BD4389B3641EB5FB0ED52E289D876CDA109D9D94BDD180B49D6F8502FD0201","","CLEAN"
"assets\ppv\ppv-ufc-perth-2026_hero.jpg","87807","FF D8 FF DB 00 43 00 04 03 03 03 03 02 04 03 03","52DB4EF0BC38A10AFEAFCFB1BD165DB5E5F1A4D95D10E7C25795D65E7458A31F","","CLEAN"
"assets\ppv\ppv-ufc-perth-2026_hero.webp","33274","52 49 46 46 F2 81 00 00 57 45 42 50 56 50 38 20","E98BA3E49A038A8EC4C4F24AA75AF06A6274F18EBAE403F336F8E746C4AC8BDF","","CLEAN"
"assets\ppv\ppv-ufc-perth-2026_portrait.jpg","65866","FF D8 FF DB 00 43 00 04 03 03 03 03 02 04 03 03","219C33CC8035536A0B8E5843B8F1CE41B8A9FE10A120A54E60F7D52587250BFB","","CLEAN"
"assets\ppv\ppv-ufc-perth-2026_portrait.webp","30044","52 49 46 46 54 75 00 00 57 45 42 50 56 50 38 20","6F58FE2D7EE5418DDB84C80CFE15153278F372BA0F149B7ACE4621A6620EF443","","CLEAN"
"assets\ppv\ppv-ufc-perth-2026_preview.jpg","6974","FF D8 FF DB 00 43 00 07 05 05 06 05 04 07 06 06","5647DB5EC5A0C8F17D259A2F40005585E5766B7382D1EAC58472D635F0B2E46E","","CLEAN"
"assets\ppv\ppv-ufc-perth-2026_preview.webp","3848","52 49 46 46 00 0F 00 00 57 45 42 50 56 50 38 20","EC86DCDA8DBAD065EE583E5EDF3EAEB4FD4D8649691A905F603C800503A27BE7","","CLEAN"
"assets\ppv\ppv-ufc-perth-2026_thumb.jpg","40145","FF D8 FF DB 00 43 00 06 04 04 05 04 04 06 05 05","F17F4487FDE4999B01E22283365992434017776CA3DD766B88990EFD94531077","","CLEAN"
"assets\ppv\ppv-ufc-perth-2026_thumb.webp","17764","52 49 46 46 5C 45 00 00 57 45 42 50 56 50 38 20","D44D055AB09B02EC2D4146219DBF4613ACEE72FC7275596295714F6A0E75BBEF","","CLEAN"
"assets\ppv\ppv-ultimate-legends-apr-2026_banner.jpg","26841","FF D8 FF DB 00 43 00 06 04 04 05 04 04 06 05 05","87468A8727F9B84AAC09B91319F747F4B5BC804613EE7C4C8FBDB34C79C01FFD","","CLEAN"
"assets\ppv\ppv-ultimate-legends-apr-2026_banner.webp","11740","52 49 46 46 D4 2D 00 00 57 45 42 50 56 50 38 20","5745632275E26DA19386AE6A7E1CF67B06D1461D32F0C5DBC0BF6BEE81BE8758","","CLEAN"
"assets\ppv\ppv-ultimate-legends-apr-2026_hero.jpg","114089","FF D8 FF DB 00 43 00 04 03 03 03 03 02 04 03 03","DD48E8ECC51ADFD4511887568027282B9D397376F6531E69817E9E6EBB6DEA6C","","CLEAN"
"assets\ppv\ppv-ultimate-legends-apr-2026_hero.webp","46262","52 49 46 46 AE B4 00 00 57 45 42 50 56 50 38 20","6F8275283D3399AFE89E0F4B36090253D60DF2D5F0BA35F8D55B2D21AC5A82F8","","CLEAN"
"assets\ppv\ppv-ultimate-legends-apr-2026_portrait.jpg","83051","FF D8 FF DB 00 43 00 04 03 03 03 03 02 04 03 03","4E64809A66FA58EBB5ABA9BEB8CDDA711CED35DD02AD6D4208404A9E754DC5A1","","CLEAN"
"assets\ppv\ppv-ultimate-legends-apr-2026_portrait.webp","40272","52 49 46 46 48 9D 00 00 57 45 42 50 56 50 38 20","8648968096C6C33F96CA160AC7E4F49A7889F8B7A4C86EE0AC99076C4E836037","","CLEAN"
"assets\ppv\ppv-ultimate-legends-apr-2026_preview.jpg","6663","FF D8 FF DB 00 43 00 07 05 05 06 05 04 07 06 06","5BFF812979D00D5D4A3B3B9E622C071DC8BF3BED14276587D57F13C3F7D2A05A","","CLEAN"
"assets\ppv\ppv-ultimate-legends-apr-2026_preview.webp","3588","52 49 46 46 FC 0D 00 00 57 45 42 50 56 50 38 20","AF35EFDC04801BE7CA7D8D9DB2875B71EBEF7DF854CC0142894D4FFF49ABCD5D","","CLEAN"
"assets\ppv\ppv-ultimate-legends-apr-2026_thumb.jpg","54625","FF D8 FF DB 00 43 00 06 04 04 05 04 04 06 05 05","168C13FC1E83C1D731F05E510C9F27652AD7D9BDBAFB9891F0BD81D236B9E268","","CLEAN"
"assets\ppv\ppv-ultimate-legends-apr-2026_thumb.webp","25536","52 49 46 46 B8 63 00 00 57 45 42 50 56 50 38 20","4DEC99A26642B543035A68A39FE265704B2DF48BC940F2565807F495CDD0BD87","","CLEAN"
"assets\ppv\ppv-westcoast-warriors33_banner.jpg","15964","FF D8 FF DB 00 43 00 06 04 04 05 04 04 06 05 05","D9C3F85B6E0DF228AFB4CA1A9E9F4A6EE47EA6DB8582AD8811C972C34E4D4E50","","CLEAN"
"assets\ppv\ppv-westcoast-warriors33_banner.webp","6120","52 49 46 46 E0 17 00 00 57 45 42 50 56 50 38 20","3B38D5C3415984E5B81161A11A7424173A02F1FC1436677FC5BB35A2312B6A43","","CLEAN"
"assets\ppv\ppv-westcoast-warriors33_hero.jpg","86023","FF D8 FF DB 00 43 00 04 03 03 03 03 02 04 03 03","F36A49CDC0C1BAA2C0BE96D59498A000D2B7334A7EC3D3A51985CC036D6CA0FF","","CLEAN"
"assets\ppv\ppv-westcoast-warriors33_hero.webp","35426","52 49 46 46 5A 8A 00 00 57 45 42 50 56 50 38 20","1C64BA94626ACE1F48B30C6E80B002B977AEC6B59075CADEC9D1418B6E1A9B8E","","CLEAN"
"assets\ppv\ppv-westcoast-warriors33_portrait.jpg","63836","FF D8 FF DB 00 43 00 04 03 03 03 03 02 04 03 03","F8AF73F6FAEBB523BCE649132C538FE1575375D0656352DB06871F5A83CCE51B","","CLEAN"
"assets\ppv\ppv-westcoast-warriors33_portrait.webp","30952","52 49 46 46 E0 78 00 00 57 45 42 50 56 50 38 20","175E75878741E5DF6D67E85F1ACFCB1D023FD9180D7B1C60023E148F61C847B5","","CLEAN"
"assets\ppv\ppv-westcoast-warriors33_preview.jpg","4164","FF D8 FF DB 00 43 00 07 05 05 06 05 04 07 06 06","F9B290AA29A164BFE2443C5152A52C39763372EA26E5CA93E6650E5AA556DC9F","","CLEAN"
"assets\ppv\ppv-westcoast-warriors33_preview.webp","1920","52 49 46 46 78 07 00 00 57 45 42 50 56 50 38 20","9367C74F6FDC4C2EF84DB3512D95B838417D65B3D8E89E780D1180224670C3C4","","CLEAN"
"assets\ppv\ppv-westcoast-warriors33_thumb.jpg","37351","FF D8 FF DB 00 43 00 06 04 04 05 04 04 06 05 05","6AD669316EB3CE151D00FD1BD005C4EE5DD24D49A6A11554AC7CDAEF20F492CB","","CLEAN"
"assets\ppv\ppv-westcoast-warriors33_thumb.webp","17558","52 49 46 46 8E 44 00 00 57 45 42 50 56 50 38 20","4681CC1441F143E8D0B60ABDC254D6D182B2287B2A1BE8B969FAF60ADDEC04F0","","CLEAN"
"docs\architecture\DFC_CLASS_PPV_BLUEPRINT_SLIDE.svg","3123","3C 73 76 67 20 78 6D 6C 6E 73 3D 22 68 74 74 70","FC850760C63BAA04E91CCC090393E739E181B123C86EB61A7EE5D41705E0E436","","CLEAN"
"docs\architecture\dfc_one_page_architecture.svg","6400","3C 73 76 67 20 78 6D 6C 6E 73 3D 22 68 74 74 70","5BE081C87E82441E8101B3ED55C25796592034A0C1543E664271EA96C57C6860","","CLEAN"
"test\visual\home_shell.spec.ts-snapshots\home-shell-chromium-chromium-win32.png","7001","89 50 4E 47 0D 0A 1A 0A 00 00 00 0D 49 48 44 52","E7D5FB98C97451535C131093F2DD714C8192F06B9BC2BDF1AD60E10E15BC2384","","CLEAN"
"test\visual\home_shell.spec.ts-snapshots\home-shell-desktop-desktop-win32.png","43665","89 50 4E 47 0D 0A 1A 0A 00 00 00 0D 49 48 44 52","E869184E826BF7251C9936CAC105E58127BC2C63F81F10271A6043017803CA8B","","CLEAN"
"test\visual\home_shell.spec.ts-snapshots\home-shell-mobile360-mobile360-win32.png","2404","89 50 4E 47 0D 0A 1A 0A 00 00 00 0D 49 48 44 52","6E618C9FBDAC5719117C15A3896316DCC5DC33952E0EE719C7A7B11C93AB6F35","","CLEAN"
"test\visual\home_shell.spec.ts-snapshots\home-shell-mobile400-mobile400-win32.png","39319","89 50 4E 47 0D 0A 1A 0A 00 00 00 0D 49 48 44 52","1F7F80A35A03173F718B20923E49EF30955C2BA24EC2F1762B5A94FB23CC01EC","","CLEAN"
"test\visual\home_shell.spec.ts-snapshots\home-shell-mobile430-mobile430-win32.png","42418","89 50 4E 47 0D 0A 1A 0A 00 00 00 0D 49 48 44 52","BA4C534BEABBE1241C9C92CC22E96ED3DBF44FD94F2870D857D73A7C18CE7287","","CLEAN"
"test\visual\ppv_surfaces.spec.ts-snapshots\ppv-detail-desktop-desktop-win32.png","43665","89 50 4E 47 0D 0A 1A 0A 00 00 00 0D 49 48 44 52","E869184E826BF7251C9936CAC105E58127BC2C63F81F10271A6043017803CA8B","","CLEAN"
"test\visual\ppv_surfaces.spec.ts-snapshots\ppv-detail-mobile-mobile-win32.png","45364","89 50 4E 47 0D 0A 1A 0A 00 00 00 0D 49 48 44 52","B911E3ABB8B61F09E0819BB60AEEEB5E887E6A8A447CC5F6A05D0FA9E6102857","","CLEAN"
"test\visual\ppv_surfaces.spec.ts-snapshots\ppv-detail-mobile360-mobile360-win32.png","31651","89 50 4E 47 0D 0A 1A 0A 00 00 00 0D 49 48 44 52","DFF0F6A12084C19F29D719726A3600C00B1018905706DE1459B21FE4EC6A6716","","CLEAN"
"test\visual\ppv_surfaces.spec.ts-snapshots\ppv-detail-mobile400-mobile400-win32.png","32818","89 50 4E 47 0D 0A 1A 0A 00 00 00 0D 49 48 44 52","826EDB37F2386DE1B239E16ACC758FBDC3FCD1D99ED680C14FC9E12A928BFED8","","CLEAN"
"test\visual\ppv_surfaces.spec.ts-snapshots\ppv-detail-mobile430-mobile430-win32.png","35034","89 50 4E 47 0D 0A 1A 0A 00 00 00 0D 49 48 44 52","3D947B3E423BC25C9BF1A6B4D8D0A95D818EF983D154490E7448D5642A4B79DE","","CLEAN"
"test\visual\ppv_surfaces.spec.ts-snapshots\ppv-hub-desktop-desktop-win32.png","43665","89 50 4E 47 0D 0A 1A 0A 00 00 00 0D 49 48 44 52","E869184E826BF7251C9936CAC105E58127BC2C63F81F10271A6043017803CA8B","","CLEAN"
"test\visual\ppv_surfaces.spec.ts-snapshots\ppv-hub-mobile-mobile-win32.png","45364","89 50 4E 47 0D 0A 1A 0A 00 00 00 0D 49 48 44 52","B911E3ABB8B61F09E0819BB60AEEEB5E887E6A8A447CC5F6A05D0FA9E6102857","","CLEAN"
"test\visual\ppv_surfaces.spec.ts-snapshots\ppv-hub-mobile360-mobile360-win32.png","33030","89 50 4E 47 0D 0A 1A 0A 00 00 00 0D 49 48 44 52","C94F4135B0CAE08CE3DCE0C1089DC6D29ED0829B80535C7A0034B2F0DF3D004D","","CLEAN"
"test\visual\ppv_surfaces.spec.ts-snapshots\ppv-hub-mobile400-mobile400-win32.png","33947","89 50 4E 47 0D 0A 1A 0A 00 00 00 0D 49 48 44 52","CE81631DD837065BED25B663DCC80927DEBCE30D2BB7904EAA137E4E5C4263CA","","CLEAN"
"test\visual\ppv_surfaces.spec.ts-snapshots\ppv-hub-mobile430-mobile430-win32.png","34897","89 50 4E 47 0D 0A 1A 0A 00 00 00 0D 49 48 44 52","E74F6764CCB1010335DB7DD768FE8CC542DBA01F0665762487BE379A3E709FE0","","CLEAN"
