"Target","FullName","PSIsContainer","LastWriteTime"
".git","C:\$Recycle.Bin\S-1-5-21-2200293813-2105415053-3671110982-1001\$IKI4C8I.gitignore","False","28/05/2026 10:17:41 PM"
".git","C:\$Recycle.Bin\S-1-5-21-2200293813-2105415053-3671110982-1001\$RV03PQ2\.git","True","31/05/2026 12:47:43 PM"
".git","C:\Csrc\flutter\.git","True","29/05/2026 10:03:05 AM"
".git","C:\Csrc\flutter\.github","True","29/05/2026 10:02:49 AM"
".git","C:\Csrc\flutter\.gitattributes","False","29/05/2026 10:02:49 AM"
".git","C:\Csrc\flutter\.gitignore","False","29/05/2026 10:02:49 AM"
".git","C:\Csrc\flutter\agent-artifacts\.gitignore","False","29/05/2026 10:02:49 AM"
".git","C:\Csrc\flutter\bin\mingit\mingw64\libexec\git-core\Microsoft.Alm.Git.dll","False","29/05/2026 9:10:50 AM"
".git","C:\Csrc\flutter\dev\a11y_assessments\android\.gitignore","False","29/05/2026 10:02:49 AM"
".git","C:\Csrc\flutter\dev\a11y_assessments\ios\.gitignore","False","29/05/2026 9:10:53 AM"
".git","C:\Csrc\flutter\dev\a11y_assessments\linux\.gitignore","False","29/05/2026 9:10:54 AM"
".git","C:\Csrc\flutter\dev\a11y_assessments\macos\.gitignore","False","29/05/2026 9:10:54 AM"
".git","C:\Csrc\flutter\dev\a11y_assessments\windows\.gitignore","False","29/05/2026 9:10:55 AM"
".git","C:\Csrc\flutter\dev\benchmarks\complex_layout\android\.gitignore","False","29/05/2026 10:02:50 AM"
".git","C:\Csrc\flutter\dev\benchmarks\complex_layout\ios\.gitignore","False","29/05/2026 9:10:55 AM"
".git","C:\Csrc\flutter\dev\benchmarks\complex_layout\macos\.gitignore","False","29/05/2026 9:10:56 AM"
".git","C:\Csrc\flutter\dev\benchmarks\complex_layout\windows\.gitignore","False","29/05/2026 9:10:56 AM"
".git","C:\Csrc\flutter\dev\benchmarks\imitation_game_flutter\.gitignore","False","29/05/2026 10:02:50 AM"
".git","C:\Csrc\flutter\dev\benchmarks\macrobenchmarks\.gitignore","False","29/05/2026 9:10:56 AM"
".git","C:\Csrc\flutter\dev\benchmarks\macrobenchmarks\android\.gitignore","False","29/05/2026 10:02:50 AM"
".git","C:\Csrc\flutter\dev\benchmarks\macrobenchmarks\macos\.gitignore","False","29/05/2026 9:10:58 AM"
".git","C:\Csrc\flutter\dev\benchmarks\microbenchmarks\android\.gitignore","False","29/05/2026 10:02:50 AM"
".git","C:\Csrc\flutter\dev\benchmarks\multiple_flutters\android\.gitignore","False","29/05/2026 10:02:50 AM"
".git","C:\Csrc\flutter\dev\benchmarks\multiple_flutters\android\app\.gitignore","False","29/05/2026 9:10:59 AM"
".git","C:\Csrc\flutter\dev\benchmarks\multiple_flutters\module\.gitignore","False","29/05/2026 10:02:50 AM"
".git","C:\Csrc\flutter\dev\benchmarks\platform_channels_benchmarks\android\.gitignore","False","29/05/2026 10:02:50 AM"
".git","C:\Csrc\flutter\dev\benchmarks\platform_views_layout\android\.gitignore","False","29/05/2026 10:02:50 AM"
".git","C:\Csrc\flutter\dev\benchmarks\platform_views_layout_hybrid_composition\android\.gitignore","False","29/05/2026 10:02:50 AM"
".git","C:\Csrc\flutter\dev\benchmarks\test_apps\stocks\android\.gitignore","False","29/05/2026 10:02:50 AM"
".git","C:\Csrc\flutter\dev\integration_tests\.gitignore","False","29/05/2026 10:02:50 AM"
".git","C:\Csrc\flutter\dev\integration_tests\android_engine_test\android\.gitignore","False","29/05/2026 10:02:50 AM"
".git","C:\Csrc\flutter\dev\integration_tests\android_engine_test\test_driver\.gitignore","False","29/05/2026 10:02:50 AM"
".git","C:\Csrc\flutter\dev\integration_tests\android_semantics_testing\android\.gitignore","False","29/05/2026 10:02:50 AM"
".git","C:\Csrc\flutter\dev\integration_tests\android_verified_input\.gitignore","False","29/05/2026 9:11:08 AM"
".git","C:\Csrc\flutter\dev\integration_tests\android_verified_input\android\.gitignore","False","29/05/2026 10:02:50 AM"
".git","C:\Csrc\flutter\dev\integration_tests\android_views\android\.gitignore","False","29/05/2026 10:02:50 AM"
".git","C:\Csrc\flutter\dev\integration_tests\channels\android\.gitignore","False","29/05/2026 10:02:50 AM"
".git","C:\Csrc\flutter\dev\integration_tests\channels\macos\.gitignore","False","29/05/2026 9:11:09 AM"
".git","C:\Csrc\flutter\dev\integration_tests\data_asset_app\.gitignore","False","29/05/2026 10:02:50 AM"
".git","C:\Csrc\flutter\dev\integration_tests\data_asset_app\linux\.gitignore","False","29/05/2026 10:02:50 AM"
".git","C:\Csrc\flutter\dev\integration_tests\data_asset_app\macos\.gitignore","False","29/05/2026 10:02:50 AM"
".git","C:\Csrc\flutter\dev\integration_tests\data_asset_app\windows\.gitignore","False","29/05/2026 10:02:50 AM"
".git","C:\Csrc\flutter\dev\integration_tests\data_asset_package\.gitignore","False","29/05/2026 10:02:50 AM"
".git","C:\Csrc\flutter\dev\integration_tests\deferred_components_test\.gitignore","False","29/05/2026 10:02:50 AM"
".git","C:\Csrc\flutter\dev\integration_tests\deferred_components_test\android\.gitignore","False","29/05/2026 10:02:50 AM"
".git","C:\Csrc\flutter\dev\integration_tests\display_cutout_rotation\.gitignore","False","29/05/2026 10:02:50 AM"
".git","C:\Csrc\flutter\dev\integration_tests\display_cutout_rotation\android\.gitignore","False","29/05/2026 10:02:50 AM"
".git","C:\Csrc\flutter\dev\integration_tests\external_textures\android\.gitignore","False","29/05/2026 10:02:50 AM"
".git","C:\Csrc\flutter\dev\integration_tests\flavors\android\.gitignore","False","29/05/2026 10:02:50 AM"
".git","C:\Csrc\flutter\dev\integration_tests\flavors\macos\.gitignore","False","29/05/2026 9:11:11 AM"
".git","C:\Csrc\flutter\dev\integration_tests\flutter_gallery\.gitignore","False","29/05/2026 9:11:11 AM"
".git","C:\Csrc\flutter\dev\integration_tests\flutter_gallery\android\.gitignore","False","29/05/2026 10:02:50 AM"
".git","C:\Csrc\flutter\dev\integration_tests\flutter_gallery\linux\.gitignore","False","29/05/2026 9:11:13 AM"
".git","C:\Csrc\flutter\dev\integration_tests\flutter_gallery\macos\.gitignore","False","29/05/2026 9:11:13 AM"
".git","C:\Csrc\flutter\dev\integration_tests\flutter_gallery\windows\.gitignore","False","29/05/2026 9:11:14 AM"
".git","C:\Csrc\flutter\dev\integration_tests\hook_user_defines\.gitignore","False","29/05/2026 10:02:51 AM"
".git","C:\Csrc\flutter\dev\integration_tests\ios_add2app_life_cycle\.gitignore","False","29/05/2026 9:11:15 AM"
".git","C:\Csrc\flutter\dev\integration_tests\ios_add2app_life_cycle\flutterapp\.gitignore","False","29/05/2026 10:02:51 AM"
".git","C:\Csrc\flutter\dev\integration_tests\ios_app_with_extensions\.gitignore","False","29/05/2026 10:02:51 AM"
".git","C:\Csrc\flutter\dev\integration_tests\ios_app_with_extensions\ios\.gitignore","False","29/05/2026 9:11:15 AM"
".git","C:\Csrc\flutter\dev\integration_tests\link_hook\.gitignore","False","29/05/2026 10:02:51 AM"
".git","C:\Csrc\flutter\dev\integration_tests\platform_interaction\android\.gitignore","False","29/05/2026 10:02:51 AM"
".git","C:\Csrc\flutter\dev\integration_tests\pure_android_host_apps\.gitignore","False","29/05/2026 10:02:51 AM"
".git","C:\Csrc\flutter\dev\integration_tests\pure_android_host_apps\host_app_kotlin_gradle_dsl\.gitignore","False","29/05/2026 10:02:51 AM"
".git","C:\Csrc\flutter\dev\integration_tests\pure_android_host_apps\host_app_kotlin_gradle_dsl\app\.gitignore","False","29/05/2026 10:02:51 AM"
".git","C:\Csrc\flutter\dev\integration_tests\release_smoke_test\.gitignore","False","29/05/2026 10:02:51 AM"
".git","C:\Csrc\flutter\dev\integration_tests\release_smoke_test\android\.gitignore","False","29/05/2026 10:02:51 AM"
".git","C:\Csrc\flutter\dev\integration_tests\spell_check\android\.gitignore","False","29/05/2026 10:02:51 AM"
".git","C:\Csrc\flutter\dev\integration_tests\spell_check\ios\.gitignore","False","29/05/2026 9:11:23 AM"
".git","C:\Csrc\flutter\dev\integration_tests\ui\android\.gitignore","False","29/05/2026 10:02:51 AM"
".git","C:\Csrc\flutter\dev\integration_tests\ui\linux\.gitignore","False","29/05/2026 9:11:24 AM"
".git","C:\Csrc\flutter\dev\integration_tests\ui\macos\.gitignore","False","29/05/2026 9:11:24 AM"
".git","C:\Csrc\flutter\dev\integration_tests\ui\windows\.gitignore","False","29/05/2026 9:11:24 AM"
".git","C:\Csrc\flutter\dev\integration_tests\web\web\.gitignore","False","29/05/2026 9:11:24 AM"
".git","C:\Csrc\flutter\dev\integration_tests\windowing_test\.gitignore","False","29/05/2026 10:02:51 AM"
".git","C:\Csrc\flutter\dev\integration_tests\windowing_test\linux\.gitignore","False","29/05/2026 10:02:51 AM"
".git","C:\Csrc\flutter\dev\integration_tests\windowing_test\macos\.gitignore","False","29/05/2026 10:02:51 AM"
".git","C:\Csrc\flutter\dev\integration_tests\windowing_test\windows\.gitignore","False","29/05/2026 10:02:51 AM"
".git","C:\Csrc\flutter\dev\integration_tests\windows_startup_test\windows\.gitignore","False","29/05/2026 9:11:25 AM"
".git","C:\Csrc\flutter\dev\manual_tests\.gitignore","False","29/05/2026 10:02:51 AM"
".git","C:\Csrc\flutter\dev\manual_tests\android\.gitignore","False","29/05/2026 10:02:51 AM"
".git","C:\Csrc\flutter\dev\manual_tests\ios\.gitignore","False","29/05/2026 9:11:26 AM"
".git","C:\Csrc\flutter\dev\manual_tests\linux\.gitignore","False","29/05/2026 9:11:26 AM"
".git","C:\Csrc\flutter\dev\manual_tests\macos\.gitignore","False","29/05/2026 9:11:26 AM"
".git","C:\Csrc\flutter\dev\manual_tests\windows\.gitignore","False","29/05/2026 9:11:27 AM"
".git","C:\Csrc\flutter\dev\tools\.gitignore","False","29/05/2026 9:11:27 AM"
".git","C:\Csrc\flutter\dev\tracing_tests\android\.gitignore","False","29/05/2026 10:02:51 AM"
".git","C:\Csrc\flutter\engine\src\.gitattributes","False","29/05/2026 10:02:52 AM"
".git","C:\Csrc\flutter\engine\src\.gitignore","False","29/05/2026 10:02:52 AM"
".git","C:\Csrc\flutter\engine\src\build\.gitignore","False","29/05/2026 10:02:52 AM"
".git","C:\Csrc\flutter\engine\src\flutter\.github","True","29/05/2026 10:02:52 AM"
".git","C:\Csrc\flutter\engine\src\flutter\.git-blame-ignore-revs","False","29/05/2026 10:02:52 AM"
".git","C:\Csrc\flutter\engine\src\flutter\.gitattributes","False","29/05/2026 10:02:52 AM"
".git","C:\Csrc\flutter\engine\src\flutter\.gitignore","False","29/05/2026 10:02:52 AM"
".git","C:\Csrc\flutter\engine\src\flutter\examples\glfw\.gitignore","False","29/05/2026 10:02:52 AM"
".git","C:\Csrc\flutter\engine\src\flutter\examples\glfw_drm\.gitignore","False","29/05/2026 10:02:52 AM"
".git","C:\Csrc\flutter\engine\src\flutter\examples\vulkan_glfw\.gitignore","False","29/05/2026 10:02:52 AM"
".git","C:\Csrc\flutter\engine\src\flutter\flutter_frontend_server\.gitignore","False","29/05/2026 10:02:52 AM"
".git","C:\Csrc\flutter\engine\src\flutter\flutter_frontend_server\test\fixtures\.gitignore","False","29/05/2026 10:02:52 AM"
".git","C:\Csrc\flutter\engine\src\flutter\impeller\.gitignore","False","29/05/2026 10:02:52 AM"
".git","C:\Csrc\flutter\engine\src\flutter\lib\web_ui\.gitignore","False","29/05/2026 10:02:54 AM"
".git","C:\Csrc\flutter\engine\src\flutter\shell\platform\android\.gitignore","False","29/05/2026 10:02:54 AM"
".git","C:\Csrc\flutter\engine\src\flutter\shell\platform\android\test_runner\.gitignore","False","29/05/2026 10:02:54 AM"
".git","C:\Csrc\flutter\engine\src\flutter\shell\platform\fuchsia\dart_runner\.gitignore","False","29/05/2026 10:02:55 AM"
".git","C:\Csrc\flutter\engine\src\flutter\sky\packages\sky_engine\.gitignore","False","29/05/2026 10:02:56 AM"
".git","C:\Csrc\flutter\engine\src\flutter\testing\benchmark\.gitignore","False","29/05/2026 10:02:56 AM"
".git","C:\Csrc\flutter\engine\src\flutter\testing\dart\.gitignore","False","29/05/2026 10:02:56 AM"
".git","C:\Csrc\flutter\engine\src\flutter\testing\ios_scenario_app\.gitignore","False","29/05/2026 10:02:56 AM"
".git","C:\Csrc\flutter\engine\src\flutter\testing\ios_scenario_app\ios\Scenarios\.gitignore","False","29/05/2026 10:02:56 AM"
".git","C:\Csrc\flutter\engine\src\flutter\third_party\.gitignore","False","29/05/2026 10:02:56 AM"
".git","C:\Csrc\flutter\engine\src\flutter\tools\android_lint\.gitignore","False","29/05/2026 10:02:56 AM"
".git","C:\Csrc\flutter\engine\src\flutter\tools\cipd\android_embedding_bundle\.gitignore","False","29/05/2026 10:02:56 AM"
".git","C:\Csrc\flutter\engine\src\flutter\tools\cipd\malioc\.gitignore","False","29/05/2026 10:02:56 AM"
".git","C:\Csrc\flutter\engine\src\flutter\tools\cipd\mobileprovision\.gitignore","False","29/05/2026 10:02:56 AM"
".git","C:\Csrc\flutter\engine\src\flutter\tools\const_finder\.gitignore","False","29/05/2026 10:02:56 AM"
".git","C:\Csrc\flutter\engine\src\flutter\tools\font_subset\.gitignore","False","29/05/2026 10:02:57 AM"
".git","C:\Csrc\flutter\engine\src\flutter\tools\font_subset\gen\.gitkeep","False","29/05/2026 10:02:57 AM"
".git","C:\Csrc\flutter\engine\src\flutter\tools\golden_tests_harvester\.gitignore","False","29/05/2026 10:02:57 AM"
".git","C:\Csrc\flutter\engine\src\flutter\txt\.gitattributes","False","29/05/2026 10:02:57 AM"
".git","C:\Csrc\flutter\engine\src\flutter\txt\.gitignore","False","29/05/2026 10:02:57 AM"
".git","C:\Csrc\flutter\examples\api\.gitignore","False","29/05/2026 10:02:57 AM"
".git","C:\Csrc\flutter\examples\api\linux\.gitignore","False","29/05/2026 9:11:36 AM"
".git","C:\Csrc\flutter\examples\api\macos\.gitignore","False","29/05/2026 9:11:36 AM"
".git","C:\Csrc\flutter\examples\api\windows\.gitignore","False","29/05/2026 9:11:40 AM"
".git","C:\Csrc\flutter\examples\flutter_view\windows\.gitignore","False","29/05/2026 9:11:41 AM"
".git","C:\Csrc\flutter\examples\hello_world\linux\.gitignore","False","29/05/2026 9:11:42 AM"
".git","C:\Csrc\flutter\examples\hello_world\windows\.gitignore","False","29/05/2026 9:11:42 AM"
".git","C:\Csrc\flutter\examples\image_list\macos\.gitignore","False","29/05/2026 9:11:43 AM"
".git","C:\Csrc\flutter\examples\layers\linux\.gitignore","False","29/05/2026 9:11:44 AM"
".git","C:\Csrc\flutter\examples\layers\windows\.gitignore","False","29/05/2026 9:11:45 AM"
".git","C:\Csrc\flutter\examples\multiple_windows\.gitignore","False","29/05/2026 10:02:59 AM"
".git","C:\Csrc\flutter\examples\multiple_windows\linux\.gitignore","False","29/05/2026 10:02:59 AM"
".git","C:\Csrc\flutter\examples\multiple_windows\windows\.gitignore","False","29/05/2026 10:02:59 AM"
".git","C:\Csrc\flutter\examples\platform_channel\linux\.gitignore","False","29/05/2026 9:11:46 AM"
".git","C:\Csrc\flutter\examples\platform_channel\macos\.gitignore","False","29/05/2026 9:11:46 AM"
".git","C:\Csrc\flutter\examples\platform_channel\windows\.gitignore","False","29/05/2026 9:11:46 AM"
".git","C:\Csrc\flutter\examples\platform_view\macos\.gitignore","False","29/05/2026 9:11:47 AM"
".git","C:\Csrc\flutter\examples\platform_view\windows\.gitignore","False","29/05/2026 9:11:48 AM"
".git","C:\Csrc\flutter\flutter\.git","True","27/06/2026 10:25:49 AM"
".git","C:\Csrc\flutter\flutter\.github","True","27/06/2026 10:23:33 AM"
".git","C:\Csrc\flutter\flutter\.gitattributes","False","27/06/2026 10:23:33 AM"
".git","C:\Csrc\flutter\flutter\.gitignore","False","27/06/2026 10:23:33 AM"
".git","C:\Csrc\flutter\flutter\agent-artifacts\.gitignore","False","27/06/2026 10:23:33 AM"
".git","C:\Csrc\flutter\flutter\dev\a11y_assessments\android\.gitignore","False","27/06/2026 10:23:33 AM"
".git","C:\Csrc\flutter\flutter\dev\a11y_assessments\ios\.gitignore","False","27/06/2026 10:23:33 AM"
".git","C:\Csrc\flutter\flutter\dev\a11y_assessments\linux\.gitignore","False","27/06/2026 10:23:33 AM"
".git","C:\Csrc\flutter\flutter\dev\a11y_assessments\macos\.gitignore","False","27/06/2026 10:23:33 AM"
".git","C:\Csrc\flutter\flutter\dev\a11y_assessments\windows\.gitignore","False","27/06/2026 10:23:33 AM"
".git","C:\Csrc\flutter\flutter\dev\benchmarks\complex_layout\android\.gitignore","False","27/06/2026 10:23:33 AM"
".git","C:\Csrc\flutter\flutter\dev\benchmarks\complex_layout\ios\.gitignore","False","27/06/2026 10:23:33 AM"
".git","C:\Csrc\flutter\flutter\dev\benchmarks\complex_layout\macos\.gitignore","False","27/06/2026 10:23:33 AM"
".git","C:\Csrc\flutter\flutter\dev\benchmarks\complex_layout\windows\.gitignore","False","27/06/2026 10:23:33 AM"
".git","C:\Csrc\flutter\flutter\dev\benchmarks\imitation_game_flutter\.gitignore","False","27/06/2026 10:23:33 AM"
".git","C:\Csrc\flutter\flutter\dev\benchmarks\macrobenchmarks\.gitignore","False","27/06/2026 10:23:33 AM"
".git","C:\Csrc\flutter\flutter\dev\benchmarks\macrobenchmarks\android\.gitignore","False","27/06/2026 10:23:33 AM"
".git","C:\Csrc\flutter\flutter\dev\benchmarks\macrobenchmarks\macos\.gitignore","False","27/06/2026 10:23:33 AM"
".git","C:\Csrc\flutter\flutter\dev\benchmarks\microbenchmarks\android\.gitignore","False","27/06/2026 10:23:33 AM"
".git","C:\Csrc\flutter\flutter\dev\benchmarks\multiple_flutters\android\.gitignore","False","27/06/2026 10:23:34 AM"
".git","C:\Csrc\flutter\flutter\dev\benchmarks\multiple_flutters\android\app\.gitignore","False","27/06/2026 10:23:34 AM"
".git","C:\Csrc\flutter\flutter\dev\benchmarks\multiple_flutters\module\.gitignore","False","27/06/2026 10:23:34 AM"
".git","C:\Csrc\flutter\flutter\dev\benchmarks\platform_channels_benchmarks\android\.gitignore","False","27/06/2026 10:23:34 AM"
".git","C:\Csrc\flutter\flutter\dev\benchmarks\platform_views_layout\android\.gitignore","False","27/06/2026 10:23:34 AM"
".git","C:\Csrc\flutter\flutter\dev\benchmarks\platform_views_layout_hybrid_composition\android\.gitignore","False","27/06/2026 10:23:34 AM"
".git","C:\Csrc\flutter\flutter\dev\benchmarks\test_apps\stocks\android\.gitignore","False","27/06/2026 10:23:34 AM"
".git","C:\Csrc\flutter\flutter\dev\integration_tests\.gitignore","False","27/06/2026 10:23:34 AM"
".git","C:\Csrc\flutter\flutter\dev\integration_tests\android_engine_test\android\.gitignore","False","27/06/2026 10:23:34 AM"
".git","C:\Csrc\flutter\flutter\dev\integration_tests\android_engine_test\test_driver\.gitignore","False","27/06/2026 10:23:34 AM"
".git","C:\Csrc\flutter\flutter\dev\integration_tests\android_semantics_testing\android\.gitignore","False","27/06/2026 10:23:34 AM"
".git","C:\Csrc\flutter\flutter\dev\integration_tests\android_verified_input\.gitignore","False","27/06/2026 10:23:34 AM"
".git","C:\Csrc\flutter\flutter\dev\integration_tests\android_verified_input\android\.gitignore","False","27/06/2026 10:23:34 AM"
".git","C:\Csrc\flutter\flutter\dev\integration_tests\android_views\android\.gitignore","False","27/06/2026 10:23:34 AM"
".git","C:\Csrc\flutter\flutter\dev\integration_tests\channels\android\.gitignore","False","27/06/2026 10:23:34 AM"
".git","C:\Csrc\flutter\flutter\dev\integration_tests\channels\macos\.gitignore","False","27/06/2026 10:23:34 AM"
".git","C:\Csrc\flutter\flutter\dev\integration_tests\data_asset_app\.gitignore","False","27/06/2026 10:23:34 AM"
".git","C:\Csrc\flutter\flutter\dev\integration_tests\data_asset_app\linux\.gitignore","False","27/06/2026 10:23:34 AM"
".git","C:\Csrc\flutter\flutter\dev\integration_tests\data_asset_app\macos\.gitignore","False","27/06/2026 10:23:34 AM"
".git","C:\Csrc\flutter\flutter\dev\integration_tests\data_asset_app\windows\.gitignore","False","27/06/2026 10:23:34 AM"
".git","C:\Csrc\flutter\flutter\dev\integration_tests\data_asset_package\.gitignore","False","27/06/2026 10:23:34 AM"
".git","C:\Csrc\flutter\flutter\dev\integration_tests\deferred_components_test\.gitignore","False","27/06/2026 10:23:34 AM"
".git","C:\Csrc\flutter\flutter\dev\integration_tests\deferred_components_test\android\.gitignore","False","27/06/2026 10:23:34 AM"
".git","C:\Csrc\flutter\flutter\dev\integration_tests\display_cutout_rotation\.gitignore","False","27/06/2026 10:23:34 AM"
".git","C:\Csrc\flutter\flutter\dev\integration_tests\display_cutout_rotation\android\.gitignore","False","27/06/2026 10:23:34 AM"
".git","C:\Csrc\flutter\flutter\dev\integration_tests\external_textures\android\.gitignore","False","27/06/2026 10:23:35 AM"
".git","C:\Csrc\flutter\flutter\dev\integration_tests\flavors\android\.gitignore","False","27/06/2026 10:23:35 AM"
".git","C:\Csrc\flutter\flutter\dev\integration_tests\flavors\macos\.gitignore","False","27/06/2026 10:23:35 AM"
".git","C:\Csrc\flutter\flutter\dev\integration_tests\flutter_gallery\.gitignore","False","27/06/2026 10:23:35 AM"
".git","C:\Csrc\flutter\flutter\dev\integration_tests\flutter_gallery\android\.gitignore","False","27/06/2026 10:23:35 AM"
".git","C:\Csrc\flutter\flutter\dev\integration_tests\flutter_gallery\linux\.gitignore","False","27/06/2026 10:23:35 AM"
".git","C:\Csrc\flutter\flutter\dev\integration_tests\flutter_gallery\macos\.gitignore","False","27/06/2026 10:23:35 AM"
".git","C:\Csrc\flutter\flutter\dev\integration_tests\flutter_gallery\windows\.gitignore","False","27/06/2026 10:23:35 AM"
".git","C:\Csrc\flutter\flutter\dev\integration_tests\hook_user_defines\.gitignore","False","27/06/2026 10:23:35 AM"
".git","C:\Csrc\flutter\flutter\dev\integration_tests\ios_add2app_life_cycle\.gitignore","False","27/06/2026 10:23:35 AM"
".git","C:\Csrc\flutter\flutter\dev\integration_tests\ios_add2app_life_cycle\flutterapp\.gitignore","False","27/06/2026 10:23:35 AM"
".git","C:\Csrc\flutter\flutter\dev\integration_tests\ios_app_with_extensions\.gitignore","False","27/06/2026 10:23:35 AM"
".git","C:\Csrc\flutter\flutter\dev\integration_tests\ios_app_with_extensions\ios\.gitignore","False","27/06/2026 10:23:35 AM"
".git","C:\Csrc\flutter\flutter\dev\integration_tests\link_hook\.gitignore","False","27/06/2026 10:23:35 AM"
".git","C:\Csrc\flutter\flutter\dev\integration_tests\platform_interaction\android\.gitignore","False","27/06/2026 10:23:35 AM"
".git","C:\Csrc\flutter\flutter\dev\integration_tests\pure_android_host_apps\.gitignore","False","27/06/2026 10:23:35 AM"
".git","C:\Csrc\flutter\flutter\dev\integration_tests\pure_android_host_apps\host_app_kotlin_gradle_dsl\.gitignore","False","27/06/2026 10:23:36 AM"
".git","C:\Csrc\flutter\flutter\dev\integration_tests\pure_android_host_apps\host_app_kotlin_gradle_dsl\app\.gitignore","False","27/06/2026 10:23:36 AM"
".git","C:\Csrc\flutter\flutter\dev\integration_tests\release_smoke_test\.gitignore","False","27/06/2026 10:23:36 AM"
".git","C:\Csrc\flutter\flutter\dev\integration_tests\release_smoke_test\android\.gitignore","False","27/06/2026 10:23:36 AM"
".git","C:\Csrc\flutter\flutter\dev\integration_tests\spell_check\android\.gitignore","False","27/06/2026 10:23:36 AM"
".git","C:\Csrc\flutter\flutter\dev\integration_tests\spell_check\ios\.gitignore","False","27/06/2026 10:23:36 AM"
".git","C:\Csrc\flutter\flutter\dev\integration_tests\ui\android\.gitignore","False","27/06/2026 10:23:36 AM"
".git","C:\Csrc\flutter\flutter\dev\integration_tests\ui\linux\.gitignore","False","27/06/2026 10:23:36 AM"
".git","C:\Csrc\flutter\flutter\dev\integration_tests\ui\macos\.gitignore","False","27/06/2026 10:23:36 AM"
".git","C:\Csrc\flutter\flutter\dev\integration_tests\ui\windows\.gitignore","False","27/06/2026 10:23:36 AM"
".git","C:\Csrc\flutter\flutter\dev\integration_tests\web\web\.gitignore","False","27/06/2026 10:23:36 AM"
".git","C:\Csrc\flutter\flutter\dev\integration_tests\windowing_test\.gitignore","False","27/06/2026 10:23:36 AM"
".git","C:\Csrc\flutter\flutter\dev\integration_tests\windowing_test\linux\.gitignore","False","27/06/2026 10:23:36 AM"
".git","C:\Csrc\flutter\flutter\dev\integration_tests\windowing_test\macos\.gitignore","False","27/06/2026 10:23:36 AM"
".git","C:\Csrc\flutter\flutter\dev\integration_tests\windowing_test\windows\.gitignore","False","27/06/2026 10:23:36 AM"
".git","C:\Csrc\flutter\flutter\dev\integration_tests\windows_startup_test\windows\.gitignore","False","27/06/2026 10:23:36 AM"
".git","C:\Csrc\flutter\flutter\dev\manual_tests\.gitignore","False","27/06/2026 10:23:36 AM"
".git","C:\Csrc\flutter\flutter\dev\manual_tests\android\.gitignore","False","27/06/2026 10:23:36 AM"
".git","C:\Csrc\flutter\flutter\dev\manual_tests\ios\.gitignore","False","27/06/2026 10:23:36 AM"
".git","C:\Csrc\flutter\flutter\dev\manual_tests\linux\.gitignore","False","27/06/2026 10:23:36 AM"
".git","C:\Csrc\flutter\flutter\dev\manual_tests\macos\.gitignore","False","27/06/2026 10:23:36 AM"
".git","C:\Csrc\flutter\flutter\dev\manual_tests\windows\.gitignore","False","27/06/2026 10:23:36 AM"
".git","C:\Csrc\flutter\flutter\dev\tools\.gitignore","False","27/06/2026 10:23:36 AM"
".git","C:\Csrc\flutter\flutter\dev\tracing_tests\android\.gitignore","False","27/06/2026 10:23:36 AM"
".git","C:\Csrc\flutter\flutter\engine\src\.gitattributes","False","27/06/2026 10:23:37 AM"
".git","C:\Csrc\flutter\flutter\engine\src\.gitignore","False","27/06/2026 10:23:37 AM"
".git","C:\Csrc\flutter\flutter\engine\src\build\.gitignore","False","27/06/2026 10:23:37 AM"
".git","C:\Csrc\flutter\flutter\engine\src\flutter\.github","True","27/06/2026 10:23:37 AM"
".git","C:\Csrc\flutter\flutter\engine\src\flutter\.git-blame-ignore-revs","False","27/06/2026 10:23:37 AM"
".git","C:\Csrc\flutter\flutter\engine\src\flutter\.gitattributes","False","27/06/2026 10:23:37 AM"
".git","C:\Csrc\flutter\flutter\engine\src\flutter\.gitignore","False","27/06/2026 10:23:37 AM"
".git","C:\Csrc\flutter\flutter\engine\src\flutter\examples\glfw\.gitignore","False","27/06/2026 10:23:37 AM"
".git","C:\Csrc\flutter\flutter\engine\src\flutter\examples\glfw_drm\.gitignore","False","27/06/2026 10:23:37 AM"
".git","C:\Csrc\flutter\flutter\engine\src\flutter\examples\vulkan_glfw\.gitignore","False","27/06/2026 10:23:37 AM"
".git","C:\Csrc\flutter\flutter\engine\src\flutter\flutter_frontend_server\.gitignore","False","27/06/2026 10:23:37 AM"
".git","C:\Csrc\flutter\flutter\engine\src\flutter\flutter_frontend_server\test\fixtures\.gitignore","False","27/06/2026 10:23:37 AM"
".git","C:\Csrc\flutter\flutter\engine\src\flutter\impeller\.gitignore","False","27/06/2026 10:23:37 AM"
".git","C:\Csrc\flutter\flutter\engine\src\flutter\lib\web_ui\.gitignore","False","27/06/2026 10:23:38 AM"
".git","C:\Csrc\flutter\flutter\engine\src\flutter\shell\platform\android\.gitignore","False","27/06/2026 10:23:39 AM"
".git","C:\Csrc\flutter\flutter\engine\src\flutter\shell\platform\android\test_runner\.gitignore","False","27/06/2026 10:23:39 AM"
".git","C:\Csrc\flutter\flutter\engine\src\flutter\shell\platform\fuchsia\dart_runner\.gitignore","False","27/06/2026 10:23:40 AM"
".git","C:\Csrc\flutter\flutter\engine\src\flutter\sky\packages\sky_engine\.gitignore","False","27/06/2026 10:23:41 AM"
".git","C:\Csrc\flutter\flutter\engine\src\flutter\testing\benchmark\.gitignore","False","27/06/2026 10:23:41 AM"
".git","C:\Csrc\flutter\flutter\engine\src\flutter\testing\dart\.gitignore","False","27/06/2026 10:23:41 AM"
".git","C:\Csrc\flutter\flutter\engine\src\flutter\testing\ios_scenario_app\.gitignore","False","27/06/2026 10:23:41 AM"
".git","C:\Csrc\flutter\flutter\engine\src\flutter\testing\ios_scenario_app\ios\Scenarios\.gitignore","False","27/06/2026 10:23:41 AM"
".git","C:\Csrc\flutter\flutter\engine\src\flutter\third_party\.gitignore","False","27/06/2026 10:23:41 AM"
".git","C:\Csrc\flutter\flutter\engine\src\flutter\tools\android_lint\.gitignore","False","27/06/2026 10:23:41 AM"
".git","C:\Csrc\flutter\flutter\engine\src\flutter\tools\cipd\android_embedding_bundle\.gitignore","False","27/06/2026 10:23:41 AM"
".git","C:\Csrc\flutter\flutter\engine\src\flutter\tools\cipd\malioc\.gitignore","False","27/06/2026 10:23:41 AM"
".git","C:\Csrc\flutter\flutter\engine\src\flutter\tools\cipd\mobileprovision\.gitignore","False","27/06/2026 10:23:41 AM"
".git","C:\Csrc\flutter\flutter\engine\src\flutter\tools\const_finder\.gitignore","False","27/06/2026 10:23:41 AM"
".git","C:\Csrc\flutter\flutter\engine\src\flutter\tools\font_subset\.gitignore","False","27/06/2026 10:23:41 AM"
".git","C:\Csrc\flutter\flutter\engine\src\flutter\tools\font_subset\gen\.gitkeep","False","27/06/2026 10:23:41 AM"
".git","C:\Csrc\flutter\flutter\engine\src\flutter\tools\golden_tests_harvester\.gitignore","False","27/06/2026 10:23:41 AM"
".git","C:\Csrc\flutter\flutter\engine\src\flutter\txt\.gitattributes","False","27/06/2026 10:23:42 AM"
".git","C:\Csrc\flutter\flutter\engine\src\flutter\txt\.gitignore","False","27/06/2026 10:23:42 AM"
".git","C:\Csrc\flutter\flutter\examples\api\.gitignore","False","27/06/2026 10:23:42 AM"
".git","C:\Csrc\flutter\flutter\examples\api\linux\.gitignore","False","27/06/2026 10:23:42 AM"
".git","C:\Csrc\flutter\flutter\examples\api\macos\.gitignore","False","27/06/2026 10:23:42 AM"
".git","C:\Csrc\flutter\flutter\examples\api\windows\.gitignore","False","27/06/2026 10:23:43 AM"
".git","C:\Csrc\flutter\flutter\examples\flutter_view\windows\.gitignore","False","27/06/2026 10:23:43 AM"
".git","C:\Csrc\flutter\flutter\examples\hello_world\linux\.gitignore","False","27/06/2026 10:23:43 AM"
".git","C:\Csrc\flutter\flutter\examples\hello_world\windows\.gitignore","False","27/06/2026 10:23:43 AM"
".git","C:\Csrc\flutter\flutter\examples\image_list\macos\.gitignore","False","27/06/2026 10:23:43 AM"
".git","C:\Csrc\flutter\flutter\examples\layers\linux\.gitignore","False","27/06/2026 10:23:43 AM"
".git","C:\Csrc\flutter\flutter\examples\layers\windows\.gitignore","False","27/06/2026 10:23:43 AM"
".git","C:\Csrc\flutter\flutter\examples\multiple_windows\.gitignore","False","27/06/2026 10:23:43 AM"
".git","C:\Csrc\flutter\flutter\examples\multiple_windows\linux\.gitignore","False","27/06/2026 10:23:43 AM"
".git","C:\Csrc\flutter\flutter\examples\multiple_windows\windows\.gitignore","False","27/06/2026 10:23:43 AM"
".git","C:\Csrc\flutter\flutter\examples\platform_channel\linux\.gitignore","False","27/06/2026 10:23:43 AM"
".git","C:\Csrc\flutter\flutter\examples\platform_channel\macos\.gitignore","False","27/06/2026 10:23:43 AM"
".git","C:\Csrc\flutter\flutter\examples\platform_channel\windows\.gitignore","False","27/06/2026 10:23:43 AM"
".git","C:\Csrc\flutter\flutter\examples\platform_view\macos\.gitignore","False","27/06/2026 10:23:43 AM"
".git","C:\Csrc\flutter\flutter\examples\platform_view\windows\.gitignore","False","27/06/2026 10:23:43 AM"
".git","C:\Csrc\flutter\flutter\packages\flutter_tools\.gitignore","False","27/06/2026 10:23:46 AM"
".git","C:\Csrc\flutter\flutter\packages\flutter_tools\gradle\.gitignore","False","27/06/2026 10:23:46 AM"
".git","C:\Csrc\flutter\flutter\packages\flutter_tools\templates\app\.gitignore.tmpl","False","27/06/2026 10:23:46 AM"
".git","C:\Csrc\flutter\flutter\packages\flutter_tools\templates\app\android.tmpl\.gitignore","False","27/06/2026 10:23:46 AM"
".git","C:\Csrc\flutter\flutter\packages\flutter_tools\templates\app\ios.tmpl\.gitignore","False","27/06/2026 10:23:46 AM"
".git","C:\Csrc\flutter\flutter\packages\flutter_tools\templates\app\linux.tmpl\.gitignore","False","27/06/2026 10:23:46 AM"
".git","C:\Csrc\flutter\flutter\packages\flutter_tools\templates\app\macos.tmpl\.gitignore","False","27/06/2026 10:23:46 AM"
".git","C:\Csrc\flutter\flutter\packages\flutter_tools\templates\app\windows.tmpl\.gitignore","False","27/06/2026 10:23:47 AM"
".git","C:\Csrc\flutter\flutter\packages\flutter_tools\templates\module\common\.gitignore.tmpl","False","27/06/2026 10:23:47 AM"
".git","C:\Csrc\flutter\flutter\packages\flutter_tools\templates\package\.gitignore.tmpl","False","27/06/2026 10:23:47 AM"
".git","C:\Csrc\flutter\flutter\packages\flutter_tools\templates\package_ffi\.gitignore.tmpl","False","27/06/2026 10:23:47 AM"
".git","C:\Csrc\flutter\flutter\packages\flutter_tools\templates\plugin\android.tmpl\.gitignore","False","27/06/2026 10:23:47 AM"
".git","C:\Csrc\flutter\flutter\packages\flutter_tools\templates\plugin\ios.tmpl\.gitignore","False","27/06/2026 10:23:47 AM"
".git","C:\Csrc\flutter\flutter\packages\flutter_tools\templates\plugin_cocoapods\ios.tmpl\Assets\.gitkeep","False","27/06/2026 10:23:47 AM"
".git","C:\Csrc\flutter\flutter\packages\flutter_tools\templates\plugin_darwin_cocoapods\darwin.tmpl\.gitignore","False","27/06/2026 10:23:47 AM"
".git","C:\Csrc\flutter\flutter\packages\flutter_tools\templates\plugin_shared\.gitignore.tmpl","False","27/06/2026 10:23:47 AM"
".git","C:\Csrc\flutter\flutter\packages\flutter_tools\templates\plugin_shared\android.tmpl\.gitignore","False","27/06/2026 10:23:47 AM"
".git","C:\Csrc\flutter\flutter\packages\flutter_tools\templates\plugin_shared\windows.tmpl\.gitignore","False","27/06/2026 10:23:47 AM"
".git","C:\Csrc\flutter\flutter\packages\integration_test\android\.gitignore","False","27/06/2026 10:23:47 AM"
".git","C:\Csrc\flutter\flutter\packages\integration_test\example\.gitignore","False","27/06/2026 10:23:47 AM"
".git","C:\Csrc\flutter\flutter\packages\integration_test\example\android\.gitignore","False","27/06/2026 10:23:47 AM"
".git","C:\Csrc\flutter\flutter\packages\integration_test\example\ios\.gitignore","False","27/06/2026 10:23:47 AM"
".git","C:\Csrc\flutter\flutter\packages\integration_test\integration_test_macos\.gitignore","False","27/06/2026 10:23:47 AM"
".git","C:\Csrc\flutter\flutter\packages\integration_test\integration_test_macos\macos\integration_test_macos\Sources\integration_test_macos\Resources\.gitkeep","False","27/06/2026 10:23:47 AM"
".git","C:\Csrc\flutter\flutter\packages\integration_test\ios\.gitignore","False","27/06/2026 10:23:47 AM"
".git","C:\Csrc\flutter\flutter\packages\integration_test\ios\integration_test\Sources\integration_test\Resources\.gitkeep","False","27/06/2026 10:23:47 AM"
".git","C:\Csrc\flutter\flutter\third_party\.gitignore","False","27/06/2026 10:23:47 AM"
".git","C:\Csrc\flutter\packages\flutter_tools\.gitignore","False","29/05/2026 10:03:03 AM"
".git","C:\Csrc\flutter\packages\flutter_tools\gradle\.gitignore","False","29/05/2026 10:03:03 AM"
".git","C:\Csrc\flutter\packages\flutter_tools\templates\app\.gitignore.tmpl","False","29/05/2026 10:03:04 AM"
".git","C:\Csrc\flutter\packages\flutter_tools\templates\app\android.tmpl\.gitignore","False","29/05/2026 10:03:04 AM"
".git","C:\Csrc\flutter\packages\flutter_tools\templates\app\ios.tmpl\.gitignore","False","29/05/2026 10:03:04 AM"
".git","C:\Csrc\flutter\packages\flutter_tools\templates\app\linux.tmpl\.gitignore","False","29/05/2026 10:03:04 AM"
".git","C:\Csrc\flutter\packages\flutter_tools\templates\app\macos.tmpl\.gitignore","False","29/05/2026 10:03:04 AM"
".git","C:\Csrc\flutter\packages\flutter_tools\templates\app\windows.tmpl\.gitignore","False","29/05/2026 10:03:04 AM"
".git","C:\Csrc\flutter\packages\flutter_tools\templates\module\common\.gitignore.tmpl","False","29/05/2026 10:03:04 AM"
".git","C:\Csrc\flutter\packages\flutter_tools\templates\package\.gitignore.tmpl","False","29/05/2026 10:03:04 AM"
".git","C:\Csrc\flutter\packages\flutter_tools\templates\package_ffi\.gitignore.tmpl","False","29/05/2026 10:03:04 AM"
".git","C:\Csrc\flutter\packages\flutter_tools\templates\plugin\android.tmpl\.gitignore","False","29/05/2026 10:03:04 AM"
".git","C:\Csrc\flutter\packages\flutter_tools\templates\plugin\ios.tmpl\.gitignore","False","29/05/2026 9:12:16 AM"
".git","C:\Csrc\flutter\packages\flutter_tools\templates\plugin_cocoapods\ios.tmpl\Assets\.gitkeep","False","29/05/2026 10:03:04 AM"
".git","C:\Csrc\flutter\packages\flutter_tools\templates\plugin_darwin_cocoapods\darwin.tmpl\.gitignore","False","29/05/2026 10:03:04 AM"
".git","C:\Csrc\flutter\packages\flutter_tools\templates\plugin_shared\.gitignore.tmpl","False","29/05/2026 10:03:04 AM"
".git","C:\Csrc\flutter\packages\flutter_tools\templates\plugin_shared\android.tmpl\.gitignore","False","29/05/2026 9:12:16 AM"
".git","C:\Csrc\flutter\packages\flutter_tools\templates\plugin_shared\windows.tmpl\.gitignore","False","29/05/2026 9:12:16 AM"
".git","C:\Csrc\flutter\packages\integration_test\android\.gitignore","False","29/05/2026 10:03:05 AM"
".git","C:\Csrc\flutter\packages\integration_test\example\.gitignore","False","29/05/2026 10:03:05 AM"
".git","C:\Csrc\flutter\packages\integration_test\example\android\.gitignore","False","29/05/2026 10:03:05 AM"
".git","C:\Csrc\flutter\packages\integration_test\example\ios\.gitignore","False","29/05/2026 9:12:21 AM"
".git","C:\Csrc\flutter\packages\integration_test\integration_test_macos\.gitignore","False","29/05/2026 10:03:05 AM"
".git","C:\Csrc\flutter\packages\integration_test\integration_test_macos\macos\integration_test_macos\Sources\integration_test_macos\Resources\.gitkeep","False","29/05/2026 10:03:05 AM"
".git","C:\Csrc\flutter\packages\integration_test\ios\.gitignore","False","29/05/2026 10:03:05 AM"
".git","C:\Csrc\flutter\packages\integration_test\ios\integration_test\Sources\integration_test\Resources\.gitkeep","False","29/05/2026 10:03:05 AM"
".git","C:\Csrc\flutter\third_party\.gitignore","False","29/05/2026 10:03:05 AM"
".git","C:\C_DFC_BACKUP_2026\dev\datafightcentral\.git","True","2/06/2026 10:19:52 AM"
".git","C:\C_DFC_BACKUP_2026\dev\datafightcentral\.gitignore","False","28/05/2026 10:15:40 PM"
".git","C:\Data-Fight-Central-master.pre_junction_20260701_173537\.github","True","1/07/2026 5:02:27 PM"
".git","C:\Data-Fight-Central-master.pre_junction_20260701_173537\.gitignore","False","1/07/2026 5:02:25 PM"
".git","C:\Data-Fight-Central-safe-bridge\.github","True","1/07/2026 4:48:23 PM"
".git","C:\Data-Fight-Central-safe-bridge\.git","False","1/07/2026 11:32:39 AM"
".git","C:\Data-Fight-Central-safe-bridge\.gitattributes","False","1/07/2026 11:32:43 AM"
".git","C:\Data-Fight-Central-safe-bridge\.gitignore","False","1/07/2026 11:32:56 AM"
".git","C:\Data-Fight-Central-safe-bridge\.gitleaks.toml","False","1/07/2026 12:50:58 PM"
".git","C:\Data-Fight-Central-safe-bridge\android\.gitignore","False","1/07/2026 11:33:04 AM"
".git","C:\Data-Fight-Central-safe-bridge\assets\audio\.gitkeep","False","1/07/2026 11:33:05 AM"
".git","C:\Data-Fight-Central-safe-bridge\assets\icons\.gitkeep","False","1/07/2026 11:33:14 AM"
".git","C:\Data-Fight-Central-safe-bridge\assets\logos\.gitkeep","False","1/07/2026 11:33:14 AM"
".git","C:\Data-Fight-Central-safe-bridge\chuckya-radar\.gitignore","False","1/07/2026 11:33:32 AM"
".git","C:\Data-Fight-Central-safe-bridge\chuckya-radar\ops-audit\.gitkeep","False","1/07/2026 11:33:33 AM"
".git","C:\Data-Fight-Central-safe-bridge\dfc-messenger\.gitignore","False","1/07/2026 11:33:35 AM"
".git","C:\Data-Fight-Central-safe-bridge\dfc_frontend\dfc_app\.gitignore","False","1/07/2026 11:33:35 AM"
".git","C:\Data-Fight-Central-safe-bridge\dfc_frontend\dfc_app\android\.gitignore","False","1/07/2026 11:33:35 AM"
".git","C:\Data-Fight-Central-safe-bridge\dfc_frontend\dfc_app\ios\.gitignore","False","1/07/2026 11:33:35 AM"
".git","C:\Data-Fight-Central-safe-bridge\dfc_frontend\dfc_app\linux\.gitignore","False","1/07/2026 11:33:38 AM"
".git","C:\Data-Fight-Central-safe-bridge\dfc_frontend\dfc_app\macos\.gitignore","False","1/07/2026 11:33:39 AM"
".git","C:\Data-Fight-Central-safe-bridge\dfc_frontend\dfc_app\windows\.gitignore","False","1/07/2026 11:33:40 AM"
".git","C:\Data-Fight-Central-safe-bridge\docs\legal\email_logs\.gitkeep","False","1/07/2026 11:33:44 AM"
".git","C:\Data-Fight-Central-safe-bridge\docs\legal\license_logs\.gitkeep","False","1/07/2026 11:33:44 AM"
".git","C:\Data-Fight-Central-safe-bridge\docs\legal\safety_logs\.gitkeep","False","1/07/2026 11:33:44 AM"
".git","C:\Data-Fight-Central-safe-bridge\functions\node_modules\@ungap\structured-clone\.github","True","1/07/2026 4:50:00 PM"
".git","C:\Data-Fight-Central-safe-bridge\functions\node_modules\array-buffer-byte-length\.github","True","1/07/2026 4:50:02 PM"
".git","C:\Data-Fight-Central-safe-bridge\functions\node_modules\array-includes\.github","True","1/07/2026 4:50:02 PM"
".git","C:\Data-Fight-Central-safe-bridge\functions\node_modules\array.prototype.findlastindex\.github","True","1/07/2026 4:50:03 PM"
".git","C:\Data-Fight-Central-safe-bridge\functions\node_modules\array.prototype.flat\.github","True","1/07/2026 4:50:03 PM"
".git","C:\Data-Fight-Central-safe-bridge\functions\node_modules\array.prototype.flatmap\.github","True","1/07/2026 4:50:03 PM"
".git","C:\Data-Fight-Central-safe-bridge\functions\node_modules\async-function\.github","True","1/07/2026 4:50:04 PM"
".git","C:\Data-Fight-Central-safe-bridge\functions\node_modules\available-typed-arrays\.github","True","1/07/2026 4:50:05 PM"
".git","C:\Data-Fight-Central-safe-bridge\functions\node_modules\balanced-match\.github","True","1/07/2026 4:50:05 PM"
".git","C:\Data-Fight-Central-safe-bridge\functions\node_modules\brace-expansion\.github","True","1/07/2026 4:50:05 PM"
".git","C:\Data-Fight-Central-safe-bridge\functions\node_modules\call-bind\.github","True","1/07/2026 4:50:06 PM"
".git","C:\Data-Fight-Central-safe-bridge\functions\node_modules\call-bind-apply-helpers\.github","True","1/07/2026 4:50:06 PM"
".git","C:\Data-Fight-Central-safe-bridge\functions\node_modules\call-bound\.github","True","1/07/2026 4:50:06 PM"
".git","C:\Data-Fight-Central-safe-bridge\functions\node_modules\data-view-buffer\.github","True","1/07/2026 4:50:08 PM"
".git","C:\Data-Fight-Central-safe-bridge\functions\node_modules\data-view-byte-length\.github","True","1/07/2026 4:50:08 PM"
".git","C:\Data-Fight-Central-safe-bridge\functions\node_modules\data-view-byte-offset\.github","True","1/07/2026 4:50:08 PM"
".git","C:\Data-Fight-Central-safe-bridge\functions\node_modules\define-data-property\.github","True","1/07/2026 4:50:09 PM"
".git","C:\Data-Fight-Central-safe-bridge\functions\node_modules\define-properties\.github","True","1/07/2026 4:50:09 PM"
".git","C:\Data-Fight-Central-safe-bridge\functions\node_modules\dunder-proto\.github","True","1/07/2026 4:50:09 PM"
".git","C:\Data-Fight-Central-safe-bridge\functions\node_modules\es-abstract-get\.github","True","1/07/2026 4:50:43 PM"
".git","C:\Data-Fight-Central-safe-bridge\functions\node_modules\es-define-property\.github","True","1/07/2026 4:50:43 PM"
".git","C:\Data-Fight-Central-safe-bridge\functions\node_modules\es-errors\.github","True","1/07/2026 4:50:43 PM"
".git","C:\Data-Fight-Central-safe-bridge\functions\node_modules\es-object-atoms\.github","True","1/07/2026 4:50:44 PM"
".git","C:\Data-Fight-Central-safe-bridge\functions\node_modules\es-shim-unscopables\.github","True","1/07/2026 4:50:44 PM"
".git","C:\Data-Fight-Central-safe-bridge\functions\node_modules\es-to-primitive\.github","True","1/07/2026 4:50:44 PM"
".git","C:\Data-Fight-Central-safe-bridge\functions\node_modules\eslint-import-resolver-node\node_modules\resolve\.github","True","1/07/2026 4:51:00 PM"
".git","C:\Data-Fight-Central-safe-bridge\functions\node_modules\eslint-import-resolver-node\node_modules\resolve\test\resolver\symlinked\_\symlink_target\.gitkeep","False","1/07/2026 12:22:17 PM"
".git","C:\Data-Fight-Central-safe-bridge\functions\node_modules\fast-json-stable-stringify\.github","True","1/07/2026 4:51:13 PM"
".git","C:\Data-Fight-Central-safe-bridge\functions\node_modules\for-each\.github","True","1/07/2026 4:51:25 PM"
".git","C:\Data-Fight-Central-safe-bridge\functions\node_modules\function-bind\.github","True","1/07/2026 4:51:26 PM"
".git","C:\Data-Fight-Central-safe-bridge\functions\node_modules\function.prototype.name\.github","True","1/07/2026 4:51:26 PM"
".git","C:\Data-Fight-Central-safe-bridge\functions\node_modules\functions-have-names\.github","True","1/07/2026 4:51:27 PM"
".git","C:\Data-Fight-Central-safe-bridge\functions\node_modules\generator-function\.github","True","1/07/2026 4:51:29 PM"
".git","C:\Data-Fight-Central-safe-bridge\functions\node_modules\get-intrinsic\.github","True","1/07/2026 4:51:29 PM"
".git","C:\Data-Fight-Central-safe-bridge\functions\node_modules\get-proto\.github","True","1/07/2026 4:51:30 PM"
".git","C:\Data-Fight-Central-safe-bridge\functions\node_modules\get-symbol-description\.github","True","1/07/2026 4:51:30 PM"
".git","C:\Data-Fight-Central-safe-bridge\functions\node_modules\gopd\.github","True","1/07/2026 4:51:40 PM"
".git","C:\Data-Fight-Central-safe-bridge\functions\node_modules\has-bigints\.github","True","1/07/2026 4:51:40 PM"
".git","C:\Data-Fight-Central-safe-bridge\functions\node_modules\has-property-descriptors\.github","True","1/07/2026 4:51:40 PM"
".git","C:\Data-Fight-Central-safe-bridge\functions\node_modules\has-proto\.github","True","1/07/2026 4:51:41 PM"
".git","C:\Data-Fight-Central-safe-bridge\functions\node_modules\has-symbols\.github","True","1/07/2026 4:51:41 PM"
".git","C:\Data-Fight-Central-safe-bridge\functions\node_modules\has-tostringtag\.github","True","1/07/2026 4:51:41 PM"
".git","C:\Data-Fight-Central-safe-bridge\functions\node_modules\hasown\.github","True","1/07/2026 4:51:41 PM"
".git","C:\Data-Fight-Central-safe-bridge\functions\node_modules\internal-slot\.github","True","1/07/2026 4:51:44 PM"
".git","C:\Data-Fight-Central-safe-bridge\functions\node_modules\is-array-buffer\.github","True","1/07/2026 4:51:45 PM"
".git","C:\Data-Fight-Central-safe-bridge\functions\node_modules\is-bigint\.github","True","1/07/2026 4:51:45 PM"
".git","C:\Data-Fight-Central-safe-bridge\functions\node_modules\is-boolean-object\.github","True","1/07/2026 4:51:45 PM"
".git","C:\Data-Fight-Central-safe-bridge\functions\node_modules\is-callable\.github","True","1/07/2026 4:51:45 PM"
".git","C:\Data-Fight-Central-safe-bridge\functions\node_modules\is-data-view\.github","True","1/07/2026 4:51:45 PM"
".git","C:\Data-Fight-Central-safe-bridge\functions\node_modules\is-date-object\.github","True","1/07/2026 4:51:46 PM"
".git","C:\Data-Fight-Central-safe-bridge\functions\node_modules\is-document.all\.github","True","1/07/2026 4:51:46 PM"
".git","C:\Data-Fight-Central-safe-bridge\functions\node_modules\is-finalizationregistry\.github","True","1/07/2026 4:51:46 PM"
".git","C:\Data-Fight-Central-safe-bridge\functions\node_modules\is-map\.github","True","1/07/2026 4:51:46 PM"
".git","C:\Data-Fight-Central-safe-bridge\functions\node_modules\is-map\.gitattributes","False","1/07/2026 12:22:16 PM"
".git","C:\Data-Fight-Central-safe-bridge\functions\node_modules\is-negative-zero\.github","True","1/07/2026 4:51:46 PM"
".git","C:\Data-Fight-Central-safe-bridge\functions\node_modules\is-number-object\.github","True","1/07/2026 4:51:47 PM"
".git","C:\Data-Fight-Central-safe-bridge\functions\node_modules\is-set\.github","True","1/07/2026 4:51:47 PM"
".git","C:\Data-Fight-Central-safe-bridge\functions\node_modules\is-set\.gitattributes","False","1/07/2026 12:22:16 PM"
".git","C:\Data-Fight-Central-safe-bridge\functions\node_modules\is-shared-array-buffer\.github","True","1/07/2026 4:51:47 PM"
".git","C:\Data-Fight-Central-safe-bridge\functions\node_modules\is-string\.github","True","1/07/2026 4:51:47 PM"
".git","C:\Data-Fight-Central-safe-bridge\functions\node_modules\is-symbol\.github","True","1/07/2026 4:51:47 PM"
".git","C:\Data-Fight-Central-safe-bridge\functions\node_modules\is-typed-array\.github","True","1/07/2026 4:51:48 PM"
".git","C:\Data-Fight-Central-safe-bridge\functions\node_modules\is-weakmap\.github","True","1/07/2026 4:51:48 PM"
".git","C:\Data-Fight-Central-safe-bridge\functions\node_modules\is-weakref\.github","True","1/07/2026 4:51:48 PM"
".git","C:\Data-Fight-Central-safe-bridge\functions\node_modules\is-weakset\.github","True","1/07/2026 4:51:48 PM"
".git","C:\Data-Fight-Central-safe-bridge\functions\node_modules\is-weakset\.gitattributes","False","1/07/2026 12:22:16 PM"
".git","C:\Data-Fight-Central-safe-bridge\functions\node_modules\math-intrinsics\.github","True","1/07/2026 4:52:01 PM"
".git","C:\Data-Fight-Central-safe-bridge\functions\node_modules\minimist\.github","True","1/07/2026 4:52:03 PM"
".git","C:\Data-Fight-Central-safe-bridge\functions\node_modules\node-exports-info\.github","True","1/07/2026 4:52:04 PM"
".git","C:\Data-Fight-Central-safe-bridge\functions\node_modules\object-inspect\.github","True","1/07/2026 4:52:07 PM"
".git","C:\Data-Fight-Central-safe-bridge\functions\node_modules\object.assign\.github","True","1/07/2026 4:52:08 PM"
".git","C:\Data-Fight-Central-safe-bridge\functions\node_modules\object.groupby\.github","True","1/07/2026 4:52:09 PM"
".git","C:\Data-Fight-Central-safe-bridge\functions\node_modules\own-keys\.github","True","1/07/2026 4:52:10 PM"
".git","C:\Data-Fight-Central-safe-bridge\functions\node_modules\possible-typed-array-names\.github","True","1/07/2026 4:52:11 PM"
".git","C:\Data-Fight-Central-safe-bridge\functions\node_modules\qs\.github","True","1/07/2026 4:52:15 PM"
".git","C:\Data-Fight-Central-safe-bridge\functions\node_modules\reusify\.github","True","1/07/2026 4:52:18 PM"
".git","C:\Data-Fight-Central-safe-bridge\functions\node_modules\safe-array-concat\.github","True","1/07/2026 4:52:18 PM"
".git","C:\Data-Fight-Central-safe-bridge\functions\node_modules\safe-push-apply\.github","True","1/07/2026 4:52:18 PM"
".git","C:\Data-Fight-Central-safe-bridge\functions\node_modules\safe-regex-test\.github","True","1/07/2026 4:52:18 PM"
".git","C:\Data-Fight-Central-safe-bridge\functions\node_modules\set-function-length\.github","True","1/07/2026 4:52:20 PM"
".git","C:\Data-Fight-Central-safe-bridge\functions\node_modules\set-function-name\.github","True","1/07/2026 4:52:20 PM"
".git","C:\Data-Fight-Central-safe-bridge\functions\node_modules\set-proto\.github","True","1/07/2026 4:52:21 PM"
".git","C:\Data-Fight-Central-safe-bridge\functions\node_modules\side-channel\.github","True","1/07/2026 4:52:21 PM"
".git","C:\Data-Fight-Central-safe-bridge\functions\node_modules\side-channel-list\.github","True","1/07/2026 4:52:21 PM"
".git","C:\Data-Fight-Central-safe-bridge\functions\node_modules\side-channel-map\.github","True","1/07/2026 4:52:21 PM"
".git","C:\Data-Fight-Central-safe-bridge\functions\node_modules\side-channel-weakmap\.github","True","1/07/2026 4:52:21 PM"
".git","C:\Data-Fight-Central-safe-bridge\functions\node_modules\stop-iteration-iterator\.github","True","1/07/2026 4:52:22 PM"
".git","C:\Data-Fight-Central-safe-bridge\functions\node_modules\stream-shift\.github","True","1/07/2026 4:52:22 PM"
".git","C:\Data-Fight-Central-safe-bridge\functions\node_modules\supports-preserve-symlinks-flag\.github","True","1/07/2026 4:52:34 PM"
".git","C:\Data-Fight-Central-safe-bridge\functions\node_modules\tr46\lib\.gitkeep","False","1/07/2026 12:22:17 PM"
".git","C:\Data-Fight-Central-safe-bridge\functions\node_modules\typed-array-buffer\.github","True","1/07/2026 4:52:41 PM"
".git","C:\Data-Fight-Central-safe-bridge\functions\node_modules\typed-array-byte-length\.github","True","1/07/2026 4:52:41 PM"
".git","C:\Data-Fight-Central-safe-bridge\functions\node_modules\typed-array-byte-offset\.github","True","1/07/2026 4:52:41 PM"
".git","C:\Data-Fight-Central-safe-bridge\functions\node_modules\typed-array-length\.github","True","1/07/2026 4:52:41 PM"
".git","C:\Data-Fight-Central-safe-bridge\functions\node_modules\unbox-primitive\.github","True","1/07/2026 4:52:45 PM"
".git","C:\Data-Fight-Central-safe-bridge\functions\node_modules\which-boxed-primitive\.github","True","1/07/2026 4:52:50 PM"
".git","C:\Data-Fight-Central-safe-bridge\functions\node_modules\which-collection\.github","True","1/07/2026 4:52:50 PM"
".git","C:\Data-Fight-Central-safe-bridge\functions\node_modules\which-typed-array\.github","True","1/07/2026 4:52:50 PM"
".git","C:\Data-Fight-Central-safe-bridge\ios\.gitignore","False","1/07/2026 11:33:47 AM"
".git","C:\Data-Fight-Central-safe-bridge\linux\.gitignore","False","1/07/2026 11:34:15 AM"
".git","C:\Data-Fight-Central-safe-bridge\logs\.gitkeep","False","1/07/2026 11:34:15 AM"
".git","C:\Data-Fight-Central-safe-bridge\macos\.gitignore","False","1/07/2026 11:34:15 AM"
".git","C:\Data-Fight-Central-safe-bridge\services\predictor\models\.gitkeep","False","1/07/2026 11:34:20 AM"
".git","C:\Data-Fight-Central-safe-bridge\windows\.gitignore","False","1/07/2026 11:34:23 AM"
".git","C:\Data-Fight-Central-safe.pre_junction_20260701_173537\.gitattributes","False","26/06/2026 5:19:36 PM"
".git","C:\Data-Fight-Central-safe.pre_junction_20260701_173537\.gitignore","False","30/06/2026 5:29:30 AM"
".git","C:\Data-Fight-Central-safe.pre_junction_20260701_173537\.agents\skills\xcode-project-setup\scripts\xcode_spm_setup\.gitignore","False","30/06/2026 9:48:12 PM"
".git","C:\DFC-Docker\dfc cleaner\.gitlab","True","8/02/2026 1:58:14 PM"
".git","C:\DFC-Docker\dfc cleaner\.cache\firebase\tools\lib\node_modules\ast-types\.github","True","27/01/2026 9:22:13 PM"
".git","C:\DFC-Docker\dfc cleaner\.cache\firebase\tools\lib\node_modules\balanced-match\.github","True","27/01/2026 9:22:14 PM"
".git","C:\DFC-Docker\dfc cleaner\.cache\firebase\tools\lib\node_modules\basic-auth-connect\.github","True","27/01/2026 9:22:14 PM"
".git","C:\DFC-Docker\dfc cleaner\.cache\firebase\tools\lib\node_modules\call-bind-apply-helpers\.github","True","27/01/2026 9:22:16 PM"
".git","C:\DFC-Docker\dfc cleaner\.cache\firebase\tools\lib\node_modules\call-bound\.github","True","27/01/2026 9:22:16 PM"
".git","C:\DFC-Docker\dfc cleaner\.cache\firebase\tools\lib\node_modules\dunder-proto\.github","True","27/01/2026 9:22:19 PM"
".git","C:\DFC-Docker\dfc cleaner\.cache\firebase\tools\lib\node_modules\encoding\node_modules\iconv-lite\.github","True","27/01/2026 9:22:19 PM"
".git","C:\DFC-Docker\dfc cleaner\.cache\firebase\tools\lib\node_modules\es-define-property\.github","True","27/01/2026 9:22:19 PM"
".git","C:\DFC-Docker\dfc cleaner\.cache\firebase\tools\lib\node_modules\es-errors\.github","True","27/01/2026 9:22:20 PM"
".git","C:\DFC-Docker\dfc cleaner\.cache\firebase\tools\lib\node_modules\es-object-atoms\.github","True","27/01/2026 9:22:20 PM"
".git","C:\DFC-Docker\dfc cleaner\.cache\firebase\tools\lib\node_modules\events\.github","True","27/01/2026 9:22:20 PM"
".git","C:\DFC-Docker\dfc cleaner\.cache\firebase\tools\lib\node_modules\fast-uri\.github","True","27/01/2026 9:22:21 PM"
".git","C:\DFC-Docker\dfc cleaner\.cache\firebase\tools\lib\node_modules\fast-uri\.gitattributes","False","27/01/2026 9:22:21 PM"
".git","C:\DFC-Docker\dfc cleaner\.cache\firebase\tools\lib\node_modules\fn.name\.gitattributes","False","27/01/2026 9:22:28 PM"
".git","C:\DFC-Docker\dfc cleaner\.cache\firebase\tools\lib\node_modules\function-bind\.github","True","27/01/2026 9:22:28 PM"
".git","C:\DFC-Docker\dfc cleaner\.cache\firebase\tools\lib\node_modules\get-intrinsic\.github","True","27/01/2026 9:22:28 PM"
".git","C:\DFC-Docker\dfc cleaner\.cache\firebase\tools\lib\node_modules\get-proto\.github","True","27/01/2026 9:22:28 PM"
".git","C:\DFC-Docker\dfc cleaner\.cache\firebase\tools\lib\node_modules\glob\node_modules\brace-expansion\.github","True","27/01/2026 9:22:29 PM"
".git","C:\DFC-Docker\dfc cleaner\.cache\firebase\tools\lib\node_modules\gopd\.github","True","27/01/2026 9:22:32 PM"
".git","C:\DFC-Docker\dfc cleaner\.cache\firebase\tools\lib\node_modules\has-symbols\.github","True","27/01/2026 9:22:32 PM"
".git","C:\DFC-Docker\dfc cleaner\.cache\firebase\tools\lib\node_modules\has-tostringtag\.github","True","27/01/2026 9:22:32 PM"
".git","C:\DFC-Docker\dfc cleaner\.cache\firebase\tools\lib\node_modules\hasown\.github","True","27/01/2026 9:22:33 PM"
".git","C:\DFC-Docker\dfc cleaner\.cache\firebase\tools\lib\node_modules\json-schema-traverse\.github","True","27/01/2026 9:22:38 PM"
".git","C:\DFC-Docker\dfc cleaner\.cache\firebase\tools\lib\node_modules\logform\.gitattributes","False","27/01/2026 9:22:42 PM"
".git","C:\DFC-Docker\dfc cleaner\.cache\firebase\tools\lib\node_modules\math-intrinsics\.github","True","27/01/2026 9:22:42 PM"
".git","C:\DFC-Docker\dfc cleaner\.cache\firebase\tools\lib\node_modules\minimist\.github","True","27/01/2026 9:22:42 PM"
".git","C:\DFC-Docker\dfc cleaner\.cache\firebase\tools\lib\node_modules\nan\.github","True","27/01/2026 9:22:43 PM"
".git","C:\DFC-Docker\dfc cleaner\.cache\firebase\tools\lib\node_modules\object-inspect\.github","True","27/01/2026 9:22:44 PM"
".git","C:\DFC-Docker\dfc cleaner\.cache\firebase\tools\lib\node_modules\promise-breaker\.github","True","27/01/2026 9:22:47 PM"
".git","C:\DFC-Docker\dfc cleaner\.cache\firebase\tools\lib\node_modules\qs\.github","True","27/01/2026 9:22:48 PM"
".git","C:\DFC-Docker\dfc cleaner\.cache\firebase\tools\lib\node_modules\railroad-diagrams\.gitattributes","False","27/01/2026 9:22:48 PM"
".git","C:\DFC-Docker\dfc cleaner\.cache\firebase\tools\lib\node_modules\re2\vendor\abseil-cpp\.github","True","27/01/2026 9:22:48 PM"
".git","C:\DFC-Docker\dfc cleaner\.cache\firebase\tools\lib\node_modules\re2\vendor\re2\.github","True","27/01/2026 9:22:53 PM"
".git","C:\DFC-Docker\dfc cleaner\.cache\firebase\tools\lib\node_modules\readdir-glob\node_modules\brace-expansion\.github","True","27/01/2026 9:22:54 PM"
".git","C:\DFC-Docker\dfc cleaner\.cache\firebase\tools\lib\node_modules\side-channel\.github","True","27/01/2026 9:22:55 PM"
".git","C:\DFC-Docker\dfc cleaner\.cache\firebase\tools\lib\node_modules\side-channel-list\.github","True","27/01/2026 9:22:55 PM"
".git","C:\DFC-Docker\dfc cleaner\.cache\firebase\tools\lib\node_modules\side-channel-map\.github","True","27/01/2026 9:22:55 PM"
".git","C:\DFC-Docker\dfc cleaner\.cache\firebase\tools\lib\node_modules\side-channel-weakmap\.github","True","27/01/2026 9:22:55 PM"
".git","C:\DFC-Docker\dfc cleaner\.cache\firebase\tools\lib\node_modules\stream-shift\.github","True","27/01/2026 9:22:58 PM"
".git","C:\DFC-Docker\dfc cleaner\.cache\firebase\tools\lib\node_modules\superstatic\node_modules\brace-expansion\.github","True","27/01/2026 9:22:58 PM"
".git","C:\DFC-Docker\dfc cleaner\.cache\firebase\tools\lib\node_modules\tr46\lib\.gitkeep","False","27/01/2026 9:22:59 PM"
".git","C:\DFC-Docker\dfc cleaner\.cache\firebase\tools\lib\node_modules\url-template\.gitmodules","False","27/01/2026 9:23:01 PM"
".git","C:\DFC-Docker\dfc cleaner\.cache\firebase\tools\lib\node_modules\winston-transport\.gitattributes","False","27/01/2026 9:23:01 PM"
".git","C:\DFC-Docker\dfc cleaner\.cache\firebase\tools\lib\node_modules\zod-to-json-schema\.github","True","27/01/2026 9:23:03 PM"
".git","C:\DFC-Docker\dfc cleaner\.cache\pre-commit\repouigsc5hl\.git","True","12/04/2026 4:18:41 AM"
".git","C:\DFC-Docker\dfc cleaner\.cache\pre-commit\repouigsc5hl\.github","True","12/04/2026 4:18:41 AM"
".git","C:\DFC-Docker\dfc cleaner\.cache\pre-commit\repouigsc5hl\.gitignore","False","12/04/2026 4:18:41 AM"
".git","C:\DFC-Docker\dfc cleaner\.cache\pre-commit\repouigsc5hl\py_env-python3.14\.gitignore","False","12/04/2026 4:20:40 AM"
".git","C:\DFC-Docker\dfc cleaner\.cache\pre-commit\repoxmcsd3zj\.git","True","12/04/2026 4:18:36 AM"
".git","C:\DFC-Docker\dfc cleaner\.cache\pre-commit\repoxmcsd3zj\.github","True","12/04/2026 4:18:36 AM"
".git","C:\DFC-Docker\dfc cleaner\.cache\pre-commit\repoxmcsd3zj\.gitignore","False","12/04/2026 4:18:36 AM"
".git","C:\DFC-Docker\dfc cleaner\.cache\pre-commit\repoxmcsd3zj\py_env-python3.14\.gitignore","False","12/04/2026 4:20:13 AM"
".git","C:\DFC-Docker\dfc cleaner\.cursor\extensions\eamodio.gitlens-17.12.2","True","28/04/2026 10:19:56 PM"
".git","C:\DFC-Docker\dfc cleaner\.cursor\extensions\henriquebruno.github-repository-manager-1.6.1-universal","True","25/01/2026 4:34:58 PM"
".git","C:\DFC-Docker\dfc cleaner\.cursor\extensions\mhutchie.git-graph-1.30.0","True","28/04/2026 10:19:50 PM"
".git","C:\DFC-Docker\dfc cleaner\.cursor\extensions\alesdi.firestore-explorer-0.1.1\node_modules\aws4\.github","True","28/04/2026 10:20:05 PM"
".git","C:\DFC-Docker\dfc cleaner\.cursor\extensions\alesdi.firestore-explorer-0.1.1\node_modules\dicer\.github","True","28/04/2026 10:20:03 PM"
".git","C:\DFC-Docker\dfc cleaner\.cursor\extensions\alesdi.firestore-explorer-0.1.1\node_modules\extsprintf\.gitmodules","False","28/04/2026 10:20:13 PM"
".git","C:\DFC-Docker\dfc cleaner\.cursor\extensions\alesdi.firestore-explorer-0.1.1\node_modules\fast-json-stable-stringify\.github","True","28/04/2026 10:20:12 PM"
".git","C:\DFC-Docker\dfc cleaner\.cursor\extensions\alesdi.firestore-explorer-0.1.1\node_modules\qs\.github","True","28/04/2026 10:20:06 PM"
".git","C:\DFC-Docker\dfc cleaner\.cursor\extensions\alesdi.firestore-explorer-0.1.1\node_modules\streamsearch\.github","True","28/04/2026 10:20:10 PM"
".git","C:\DFC-Docker\dfc cleaner\.cursor\extensions\alesdi.firestore-explorer-0.1.1\node_modules\tr46\lib\.gitkeep","False","28/04/2026 10:20:14 PM"
".git","C:\DFC-Docker\dfc cleaner\.cursor\extensions\christian-kohler.path-intellisense-2.10.0\.github","True","28/04/2026 10:19:51 PM"
".git","C:\DFC-Docker\dfc cleaner\.cursor\extensions\christian-kohler.path-intellisense-2.10.0\.gitpod.Dockerfile","False","28/04/2026 10:19:51 PM"
".git","C:\DFC-Docker\dfc cleaner\.cursor\extensions\christian-kohler.path-intellisense-2.10.0\.gitpod.yml","False","28/04/2026 10:19:51 PM"
".git","C:\DFC-Docker\dfc cleaner\.cursor\extensions\christian-kohler.path-intellisense-2.10.0\node_modules\balanced-match\.github","True","28/04/2026 10:19:51 PM"
".git","C:\DFC-Docker\dfc cleaner\.cursor\extensions\dart-code.dart-code-3.126.0-universal\media\doc-icons\.gitignore","False","25/01/2026 4:35:27 PM"
".git","C:\DFC-Docker\dfc cleaner\.cursor\extensions\dart-code.dart-code-3.132.0\media\doc-icons\.gitignore","False","28/04/2026 10:19:02 PM"
".git","C:\DFC-Docker\dfc cleaner\.cursor\extensions\lokalise.i18n-ally-2.13.1\node_modules\@fluent\syntax\.gitattributes","False","28/04/2026 10:20:21 PM"
".git","C:\DFC-Docker\dfc cleaner\.cursor\extensions\lokalise.i18n-ally-2.13.1\node_modules\balanced-match\.github","True","28/04/2026 10:20:27 PM"
".git","C:\DFC-Docker\dfc cleaner\.cursor\extensions\lokalise.i18n-ally-2.13.1\node_modules\call-bind\.github","True","28/04/2026 10:20:24 PM"
".git","C:\DFC-Docker\dfc cleaner\.cursor\extensions\lokalise.i18n-ally-2.13.1\node_modules\dreamopt\.gitignore","False","28/04/2026 10:20:24 PM"
".git","C:\DFC-Docker\dfc cleaner\.cursor\extensions\lokalise.i18n-ally-2.13.1\node_modules\fastq\.github","True","28/04/2026 10:20:24 PM"
".git","C:\DFC-Docker\dfc cleaner\.cursor\extensions\lokalise.i18n-ally-2.13.1\node_modules\get-intrinsic\.github","True","28/04/2026 10:20:24 PM"
".git","C:\DFC-Docker\dfc cleaner\.cursor\extensions\lokalise.i18n-ally-2.13.1\node_modules\has-symbols\.github","True","28/04/2026 10:20:26 PM"
".git","C:\DFC-Docker\dfc cleaner\.cursor\extensions\lokalise.i18n-ally-2.13.1\node_modules\iconv-lite\.github","True","28/04/2026 10:20:13 PM"
".git","C:\DFC-Docker\dfc cleaner\.cursor\extensions\lokalise.i18n-ally-2.13.1\node_modules\minimist\.github","True","28/04/2026 10:20:28 PM"
".git","C:\DFC-Docker\dfc cleaner\.cursor\extensions\lokalise.i18n-ally-2.13.1\node_modules\nodejieba\.github","True","28/04/2026 10:20:24 PM"
".git","C:\DFC-Docker\dfc cleaner\.cursor\extensions\lokalise.i18n-ally-2.13.1\node_modules\nopt\.gitignore","False","28/04/2026 10:20:27 PM"
".git","C:\DFC-Docker\dfc cleaner\.cursor\extensions\lokalise.i18n-ally-2.13.1\node_modules\object-inspect\.github","True","28/04/2026 10:20:24 PM"
".git","C:\DFC-Docker\dfc cleaner\.cursor\extensions\lokalise.i18n-ally-2.13.1\node_modules\qs\.github","True","28/04/2026 10:20:17 PM"
".git","C:\DFC-Docker\dfc cleaner\.cursor\extensions\lokalise.i18n-ally-2.13.1\node_modules\side-channel\.github","True","28/04/2026 10:20:23 PM"
".git","C:\DFC-Docker\dfc cleaner\.cursor\extensions\ms-python.debugpy-2025.18.0-win32-x64\bundled\libs\debugpy\_vendored\pydevd\pydevd_attach_to_process\linux_and_mac\.gitignore","False","25/01/2026 4:35:31 PM"
".git","C:\DFC-Docker\dfc cleaner\.cursor\extensions\ms-python.debugpy-2025.18.0-win32-x64\bundled\libs\debugpy\_vendored\pydevd\_pydevd_frame_eval\.gitignore","False","25/01/2026 4:35:29 PM"
".git","C:\DFC-Docker\dfc cleaner\.cursor\extensions\ms-python.vscode-python-envs-1.10.0-universal\.github","True","25/01/2026 4:34:59 PM"
".git","C:\DFC-Docker\dfc cleaner\.cursor\extensions\ms-python.vscode-python-envs-1.28.0-win32-x64\.github","True","28/04/2026 10:18:56 PM"
".git","C:\DFC-Docker\dfc cleaner\.cursor\extensions\ms-vscode.powershell-2025.4.0-universal\examples\.gitignore","False","25/01/2026 4:35:03 PM"
".git","C:\DFC-Docker\dfc cleaner\.cursor\extensions\nhoizey.gremlins-0.26.0\.github","True","28/04/2026 10:19:50 PM"
".git","C:\DFC-Docker\dfc cleaner\.cursor\extensions\ritwickdey.liveserver-5.7.10\node_modules\acorn-jsx\node_modules\acorn\.gitattributes","False","28/04/2026 10:20:17 PM"
".git","C:\DFC-Docker\dfc cleaner\.cursor\extensions\ritwickdey.liveserver-5.7.10\node_modules\balanced-match\.github","True","28/04/2026 10:20:18 PM"
".git","C:\DFC-Docker\dfc cleaner\.cursor\extensions\ritwickdey.liveserver-5.7.10\node_modules\d\.github","True","28/04/2026 10:20:14 PM"
".git","C:\DFC-Docker\dfc cleaner\.cursor\extensions\ritwickdey.liveserver-5.7.10\node_modules\es5-ext\.github","True","28/04/2026 10:20:14 PM"
".git","C:\DFC-Docker\dfc cleaner\.cursor\extensions\ritwickdey.liveserver-5.7.10\node_modules\es6-symbol\.github","True","28/04/2026 10:20:16 PM"
".git","C:\DFC-Docker\dfc cleaner\.cursor\extensions\ritwickdey.liveserver-5.7.10\node_modules\eslint\node_modules\run-async\.gitattributes","False","28/04/2026 10:20:12 PM"
".git","C:\DFC-Docker\dfc cleaner\.cursor\extensions\ritwickdey.liveserver-5.7.10\node_modules\ext\.github","True","28/04/2026 10:20:18 PM"
".git","C:\DFC-Docker\dfc cleaner\.cursor\extensions\ritwickdey.liveserver-5.7.10\node_modules\http-proxy\.gitattributes","False","28/04/2026 10:20:02 PM"
".git","C:\DFC-Docker\dfc cleaner\.cursor\extensions\ritwickdey.liveserver-5.7.10\node_modules\resolve\.github","True","28/04/2026 10:20:13 PM"
".git","C:\DFC-Docker\dfc cleaner\.cursor\extensions\ritwickdey.liveserver-5.7.10\node_modules\resolve\test\resolver\symlinked\_\symlink_target\.gitkeep","False","28/04/2026 10:20:13 PM"
".git","C:\DFC-Docker\dfc cleaner\.cursor\extensions\ritwickdey.liveserver-5.7.10\node_modules\supports-preserve-symlinks-flag\.github","True","28/04/2026 10:20:17 PM"
".git","C:\DFC-Docker\dfc cleaner\.gemini\history\copilot-worktree-2026-05-07t08-49-09\.git","True","8/05/2026 5:42:31 PM"
".git","C:\DFC-Docker\dfc cleaner\.gemini\history\copilot-worktree-2026-05-07t08-49-09\.gitconfig","False","9/05/2026 7:41:26 AM"
".git","C:\DFC-Docker\dfc cleaner\.gemini\history\copilot-worktree-2026-05-07t08-49-09\.gitconfig_system_empty","False","9/05/2026 7:41:26 AM"
".git","C:\DFC-Docker\dfc cleaner\.gemini\history\copilot-worktree-2026-05-07t08-49-09\.gitignore","False","9/05/2026 7:41:26 AM"
".git","C:\DFC-Docker\dfc cleaner\.gemini\history\data-fight-central\.git","True","15/04/2026 7:57:24 PM"
".git","C:\DFC-Docker\dfc cleaner\.gemini\history\data-fight-central\.gitconfig","False","25/04/2026 7:59:15 PM"
".git","C:\DFC-Docker\dfc cleaner\.gemini\history\data-fight-central\.gitconfig_system_empty","False","25/04/2026 7:59:15 PM"
".git","C:\DFC-Docker\dfc cleaner\.gemini\history\data-fight-central\.gitignore","False","25/04/2026 7:59:15 PM"
".git","C:\DFC-Docker\dfc cleaner\.gemini\history\data-fight-central-1\.git","True","26/04/2026 3:52:28 AM"
".git","C:\DFC-Docker\dfc cleaner\.gemini\history\data-fight-central-1\.gitconfig","False","26/04/2026 4:27:07 AM"
".git","C:\DFC-Docker\dfc cleaner\.gemini\history\data-fight-central-1\.gitconfig_system_empty","False","26/04/2026 4:27:07 AM"
".git","C:\DFC-Docker\dfc cleaner\.gemini\history\data-fight-central-1\.gitignore","False","26/04/2026 4:27:07 AM"
".git","C:\DFC-Docker\dfc cleaner\.gemini\history\data-fight-central-2\.git","True","26/04/2026 4:19:29 AM"
".git","C:\DFC-Docker\dfc cleaner\.gemini\history\data-fight-central-2\.gitconfig","False","7/05/2026 10:39:23 AM"
".git","C:\DFC-Docker\dfc cleaner\.gemini\history\data-fight-central-2\.gitconfig_system_empty","False","7/05/2026 10:39:23 AM"
".git","C:\DFC-Docker\dfc cleaner\.gemini\history\data-fight-central-2\.gitignore","False","7/05/2026 10:39:23 AM"
".git","C:\DFC-Docker\dfc cleaner\.gemini\history\data-fight-central-3\.git","True","7/05/2026 12:47:59 PM"
".git","C:\DFC-Docker\dfc cleaner\.gemini\history\data-fight-central-3\.gitconfig","False","11/05/2026 1:16:19 PM"
".git","C:\DFC-Docker\dfc cleaner\.gemini\history\data-fight-central-3\.gitconfig_system_empty","False","11/05/2026 1:16:19 PM"
".git","C:\DFC-Docker\dfc cleaner\.gemini\history\data-fight-central-3\.gitignore","False","11/05/2026 1:16:19 PM"
".git","C:\DFC-Docker\dfc cleaner\.gemini\history\data-fight-central-worktrees\.git","True","9/05/2026 7:59:51 AM"
".git","C:\DFC-Docker\dfc cleaner\.gemini\history\data-fight-central-worktrees\.gitconfig","False","10/05/2026 1:36:07 PM"
".git","C:\DFC-Docker\dfc cleaner\.gemini\history\data-fight-central-worktrees\.gitconfig_system_empty","False","10/05/2026 1:36:07 PM"
".git","C:\DFC-Docker\dfc cleaner\.gemini\history\data-fight-central-worktrees\.gitignore","False","10/05/2026 1:36:07 PM"
".git","C:\DFC-Docker\dfc cleaner\.gemini\history\datafightcentral\.git","True","20/04/2026 2:04:44 PM"
".git","C:\DFC-Docker\dfc cleaner\.gemini\history\datafightcentral\.gitconfig","False","20/04/2026 2:06:48 PM"
".git","C:\DFC-Docker\dfc cleaner\.gemini\history\datafightcentral\.gitconfig_system_empty","False","20/04/2026 2:06:48 PM"
".git","C:\DFC-Docker\dfc cleaner\.gemini\history\datafightcentral\.gitignore","False","20/04/2026 2:06:48 PM"
".git","C:\DFC-Docker\dfc cleaner\.gemini\history\dfc-identity-service\.git","True","8/05/2026 1:31:32 PM"
".git","C:\DFC-Docker\dfc cleaner\.gemini\history\dfc-identity-service\.gitconfig","False","8/05/2026 5:31:26 PM"
".git","C:\DFC-Docker\dfc cleaner\.gemini\history\dfc-identity-service\.gitconfig_system_empty","False","8/05/2026 5:31:26 PM"
".git","C:\DFC-Docker\dfc cleaner\.gemini\history\dfc-identity-service\.gitignore","False","8/05/2026 5:31:26 PM"
".git","C:\DFC-Docker\dfc cleaner\.gemini\history\microsoft-vs-code2026\.git","True","20/04/2026 2:02:59 PM"
".git","C:\DFC-Docker\dfc cleaner\.gemini\history\microsoft-vs-code2026\.gitconfig","False","11/05/2026 6:45:56 PM"
".git","C:\DFC-Docker\dfc cleaner\.gemini\history\microsoft-vs-code2026\.gitconfig_system_empty","False","11/05/2026 6:45:56 PM"
".git","C:\DFC-Docker\dfc cleaner\.gemini\history\microsoft-vs-code2026\.gitignore","False","11/05/2026 6:45:56 PM"
".git","C:\DFC-Docker\dfc cleaner\.gemini\history\my-project\.git","True","12/05/2026 8:02:15 PM"
".git","C:\DFC-Docker\dfc cleaner\.gemini\history\my-project\.gitconfig","False","12/05/2026 9:13:48 PM"
".git","C:\DFC-Docker\dfc cleaner\.gemini\history\my-project\.gitconfig_system_empty","False","12/05/2026 9:13:48 PM"
".git","C:\DFC-Docker\dfc cleaner\.gemini\history\my-project\.gitignore","False","12/05/2026 9:13:48 PM"
